cest_timestamp,expected_value
2017-04-01 00:00:00,0.8784596014316536
2017-04-01 01:00:00,0.3009942241382289
2017-04-01 02:00:00,0.354338788870706
2017-04-01 03:00:00,0.2841186484568571
2017-04-01 04:00:00,0.572930467974453
2017-04-01 05:00:00,0.2644323089512419
2017-04-01 06:00:00,0.0776435879286461
2017-04-01 07:00:00,-0.16585627844500472
2017-04-01 08:00:00,-0.7194718551436748
2017-04-01 09:00:00,-1.6302432926064092
2017-04-01 10:00:00,-2.1632751731723623
2017-04-01 11:00:00,-3.2760459537083166
2017-04-01 12:00:00,-3.691832606758863
2017-04-01 13:00:00,-4.109977983522401
2017-04-01 14:00:00,-4.370365627585198
2017-04-01 15:00:00,-3.711898730274819
2017-04-01 16:00:00,-4.028258421638243
2017-04-01 17:00:00,-2.4177067762247244
2017-04-01 18:00:00,-1.5973335955244312
2017-04-01 19:00:00,-0.3910317076452372
2017-04-01 20:00:00,0.27699345443177076
2017-04-01 21:00:00,0.2829078472863896
2017-04-01 22:00:00,0.38058224754961273
2017-04-01 23:00:00,0.3817869403076605
2017-04-02 00:00:00,0.4514621227542946
2017-04-02 01:00:00,0.2465678303817077
2017-04-02 02:00:00,0.2975029479592505
2017-04-02 03:00:00,0.29206512432012866
2017-04-02 04:00:00,0.31120342895398884
2017-04-02 05:00:00,0.2662250538352208
2017-04-02 06:00:00,0.05875736754514342
2017-04-02 07:00:00,-0.14329598341778058
2017-04-02 08:00:00,-0.714129690284884
2017-04-02 09:00:00,-1.819994884687593
2017-04-02 10:00:00,-2.621881064166837
2017-04-02 11:00:00,-3.868419609788129
2017-04-02 12:00:00,-3.702465345562269
2017-04-02 13:00:00,-4.327333700317531
2017-04-02 14:00:00,-4.298794510596453
2017-04-02 15:00:00,-4.037801688117562
2017-04-02 16:00:00,-0.25748191753015903
2017-04-02 17:00:00,-2.932153479038613
2017-04-02 18:00:00,-2.249284770499813
2017-04-02 19:00:00,-0.8869057368747546
2017-04-02 20:00:00,0.06432594174813128
2017-04-02 21:00:00,0.3605950099672721
2017-04-02 22:00:00,0.35760553788663496
2017-04-02 23:00:00,0.4104698390852526
2017-04-03 00:00:00,0.2715679847310389
2017-04-03 01:00:00,0.259568484036025
2017-04-03 02:00:00,0.2346874502740941
2017-04-03 03:00:00,0.6164539490717788
2017-04-03 04:00:00,0.6108395158070372
2017-04-03 05:00:00,0.19559708039520904
2017-04-03 06:00:00,0.04916911613388831
2017-04-03 07:00:00,-0.2511148138378021
2017-04-03 08:00:00,-0.7703665613778099
2017-04-03 09:00:00,-2.057558932340094
2017-04-03 10:00:00,-2.524435303017571
2017-04-03 11:00:00,-3.67995818612784
2017-04-03 12:00:00,-3.9533019438573334
2017-04-03 13:00:00,-4.220713630470782
2017-04-03 14:00:00,-4.117848026306837
2017-04-03 15:00:00,-4.543187701382361
2017-04-03 16:00:00,-4.342575583581437
2017-04-03 17:00:00,-2.8959701438159127
2017-04-03 18:00:00,-2.6689853031026245
2017-04-03 19:00:00,-1.4137266691476655
2017-04-03 20:00:00,-0.16723900973827177
2017-04-03 21:00:00,0.30975166971455304
2017-04-03 22:00:00,0.8447235127971024
2017-04-03 23:00:00,0.36587434110765144
2017-04-04 00:00:00,0.2524938337878598
2017-04-04 01:00:00,0.23477849005636667
2017-04-04 02:00:00,0.1992292067417485
2017-04-04 03:00:00,0.5284956070655682
2017-04-04 04:00:00,0.24318790483895564
2017-04-04 05:00:00,0.13453865841110701
2017-04-04 06:00:00,0.05384791329466808
2017-04-04 07:00:00,-0.26324857413583647
2017-04-04 08:00:00,-1.0705237355842356
2017-04-04 09:00:00,-1.9657541806108738
2017-04-04 10:00:00,-2.736116645830574
2017-04-04 11:00:00,-3.6658182935178787
2017-04-04 12:00:00,-3.8579906400449837
2017-04-04 13:00:00,-4.1735022491403795
2017-04-04 14:00:00,-3.8344270573714576
2017-04-04 15:00:00,-3.9756540850793436
2017-04-04 16:00:00,-4.075195354994959
2017-04-04 17:00:00,-3.6281372955244455
2017-04-04 18:00:00,-2.5099452114826843
2017-04-04 19:00:00,-1.5481240702527224
2017-04-04 20:00:00,-0.2769627284680837
2017-04-04 21:00:00,0.18884033831264554
2017-04-04 22:00:00,0.304015113191007
2017-04-04 23:00:00,0.4385701286335597
2017-04-05 00:00:00,0.282383149313855
2017-04-05 01:00:00,1.6618925445386272
2017-04-05 02:00:00,0.27359735245735745
2017-04-05 03:00:00,0.23051987310182032
2017-04-05 04:00:00,0.34775670366420935
2017-04-05 05:00:00,0.23869271679703527
2017-04-05 06:00:00,0.0777753130552851
2017-04-05 07:00:00,-0.13228266263241412
2017-04-05 08:00:00,-0.8735273934050786
2017-04-05 09:00:00,-1.9719265729829372
2017-04-05 10:00:00,-2.9867338360518882
2017-04-05 11:00:00,-3.803090295055563
2017-04-05 12:00:00,-3.563701355909049
2017-04-05 13:00:00,-4.397117646004524
2017-04-05 14:00:00,-3.844430959118582
2017-04-05 15:00:00,-3.6208699142403042
2017-04-05 16:00:00,-4.015568271069868
2017-04-05 17:00:00,-3.4754124493753817
2017-04-05 18:00:00,-2.2667767943865487
2017-04-05 19:00:00,-1.1432161779972811
2017-04-05 20:00:00,-0.13175078236053822
2017-04-05 21:00:00,0.2856678978889678
2017-04-05 22:00:00,0.3651266018723884
2017-04-05 23:00:00,0.3504343043838194
2017-04-06 00:00:00,0.3773861171353783
2017-04-06 01:00:00,0.7453294334332587
2017-04-06 02:00:00,1.2111754574536917
2017-04-06 03:00:00,2.0554153389077667
2017-04-06 04:00:00,0.26534779741860526
2017-04-06 05:00:00,1.227067480766991
2017-04-06 06:00:00,0.003079635525505635
2017-04-06 07:00:00,-0.3129420102651884
2017-04-06 08:00:00,-1.0260211491336275
2017-04-06 09:00:00,-1.8566665176187143
2017-04-06 10:00:00,-3.0035252247816198
2017-04-06 11:00:00,-3.7238532441618286
2017-04-06 12:00:00,-4.109563950516963
2017-04-06 13:00:00,-3.799673536332387
2017-04-06 14:00:00,-3.8596870233199065
2017-04-06 15:00:00,-4.31486526441069
2017-04-06 16:00:00,-3.200670905871159
2017-04-06 17:00:00,-3.650443053715415
2017-04-06 18:00:00,-2.2978102392971573
2017-04-06 19:00:00,-0.2678555557771251
2017-04-06 20:00:00,-0.284500599688544
2017-04-06 21:00:00,0.22624594627545408
2017-04-06 22:00:00,0.36658126065125285
2017-04-06 23:00:00,0.359845192897288
2017-04-07 00:00:00,0.28081299760779954
2017-04-07 01:00:00,2.56627952482303
2017-04-07 02:00:00,-0.4884795536389824
2017-04-07 03:00:00,0.27108888321686353
2017-04-07 04:00:00,0.2525404969179377
2017-04-07 05:00:00,0.24242981015857495
2017-04-07 06:00:00,0.07925450027572337
2017-04-07 07:00:00,-0.28776051687607296
2017-04-07 08:00:00,-0.9029270565193408
2017-04-07 09:00:00,-2.039215519201232
2017-04-07 10:00:00,-2.8137580633285975
2017-04-07 11:00:00,-3.3947985481405354
2017-04-07 12:00:00,-4.209659515056512
2017-04-07 13:00:00,-4.58644339298588
2017-04-07 14:00:00,-4.418446120777447
2017-04-07 15:00:00,-4.15322384789461
2017-04-07 16:00:00,-4.150000790712318
2017-04-07 17:00:00,-3.24422845232426
2017-04-07 18:00:00,-2.5804466994048685
2017-04-07 19:00:00,-1.30619399002429
2017-04-07 20:00:00,-0.22765858638326975
2017-04-07 21:00:00,0.43996109057448907
2017-04-07 22:00:00,0.3330827458507592
2017-04-07 23:00:00,0.32757769147441596
2017-04-08 00:00:00,-0.17798376456636533
2017-04-08 01:00:00,1.3555840468229214
2017-04-08 02:00:00,4.832177674107769
2017-04-08 03:00:00,0.4081842970953859
2017-04-08 04:00:00,0.2872004931919361
2017-04-08 05:00:00,0.24951233420619995
2017-04-08 06:00:00,0.013839077707806267
2017-04-08 07:00:00,-0.2075763635680507
2017-04-08 08:00:00,-0.8948615813133588
2017-04-08 09:00:00,-1.6578005008661818
2017-04-08 10:00:00,-2.7887670978120087
2017-04-08 11:00:00,-3.3686783890954577
2017-04-08 12:00:00,-3.950119357195641
2017-04-08 13:00:00,-4.231521037477819
2017-04-08 14:00:00,-3.804755009174923
2017-04-08 15:00:00,-3.9700075907524064
2017-04-08 16:00:00,-3.729290402768073
2017-04-08 17:00:00,-2.7140526722487133
2017-04-08 18:00:00,-1.9945328230233528
2017-04-08 19:00:00,-1.2192741402497742
2017-04-08 20:00:00,-0.12975039267760213
2017-04-08 21:00:00,0.3283999388693607
2017-04-08 22:00:00,0.34632824765732984
2017-04-08 23:00:00,0.3632063001533528
2017-04-09 00:00:00,0.2892728979426134
2017-04-09 01:00:00,0.3397241541485949
2017-04-09 02:00:00,0.29288602533587565
2017-04-09 03:00:00,0.2696255529099105
2017-04-09 04:00:00,0.30184835766333284
2017-04-09 05:00:00,0.1172366432098757
2017-04-09 06:00:00,0.10330300682851801
2017-04-09 07:00:00,-0.28130468140884674
2017-04-09 08:00:00,-1.0265010556099141
2017-04-09 09:00:00,-1.6907303556937643
2017-04-09 10:00:00,-2.711605611063973
2017-04-09 11:00:00,-3.1136067961425815
2017-04-09 12:00:00,-3.4580259711442882
2017-04-09 13:00:00,-3.7637619589480606
2017-04-09 14:00:00,-4.236704997183802
2017-04-09 15:00:00,-4.5795273198516355
2017-04-09 16:00:00,-3.5062053068596986
2017-04-09 17:00:00,-3.3099508542492933
2017-04-09 18:00:00,-2.4462972538272814
2017-04-09 19:00:00,-1.1230434076540556
2017-04-09 20:00:00,-0.2338495047487102
2017-04-09 21:00:00,0.34602960402783967
2017-04-09 22:00:00,0.40265326831589077
2017-04-09 23:00:00,0.3904077317209771
2017-04-10 00:00:00,0.5282410539323085
2017-04-10 01:00:00,0.9159902088190874
2017-04-10 02:00:00,0.24480248502465482
2017-04-10 03:00:00,3.759975823899022
2017-04-10 04:00:00,1.7538662832322651
2017-04-10 05:00:00,0.5442114670897862
2017-04-10 06:00:00,-0.06277700572547983
2017-04-10 07:00:00,-0.26388511673771664
2017-04-10 08:00:00,-0.9996943809913406
2017-04-10 09:00:00,-2.0834478411692716
2017-04-10 10:00:00,-2.8842246245534544
2017-04-10 11:00:00,-3.315275417797525
2017-04-10 12:00:00,-3.6857920424195205
2017-04-10 13:00:00,-4.090352140233191
2017-04-10 14:00:00,-4.272191700692996
2017-04-10 15:00:00,-4.397299825323922
2017-04-10 16:00:00,-4.142778310806595
2017-04-10 17:00:00,-3.087675747751748
2017-04-10 18:00:00,-2.5554064764222577
2017-04-10 19:00:00,-1.5967564169903812
2017-04-10 20:00:00,-0.4490742733948873
2017-04-10 21:00:00,0.3092028522557574
2017-04-10 22:00:00,1.00200988047386
2017-04-10 23:00:00,0.35140091861299266
2017-04-11 00:00:00,2.787430671153319
2017-04-11 01:00:00,0.28339090875291634
2017-04-11 02:00:00,0.2748219508858798
2017-04-11 03:00:00,0.2629981755587071
2017-04-11 04:00:00,0.24874393856110483
2017-04-11 05:00:00,1.8101450260022034
2017-04-11 06:00:00,-0.004552099685941207
2017-04-11 07:00:00,-0.22072741075122873
2017-04-11 08:00:00,-0.9935920741479726
2017-04-11 09:00:00,-1.9252249742916416
2017-04-11 10:00:00,-2.932299049373134
2017-04-11 11:00:00,-3.1550853062817286
2017-04-11 12:00:00,-3.8691994625160477
2017-04-11 13:00:00,-3.6661185778625818
2017-04-11 14:00:00,-3.803291666584423
2017-04-11 15:00:00,-4.093197040379519
2017-04-11 16:00:00,-3.939514210270621
2017-04-11 17:00:00,-3.226324856141164
2017-04-11 18:00:00,-2.5307676308025426
2017-04-11 19:00:00,-1.5959060391129298
2017-04-11 20:00:00,-0.36758607706302704
2017-04-11 21:00:00,0.2525528547496071
2017-04-11 22:00:00,0.3919057731507182
2017-04-11 23:00:00,0.34884037153533864
2017-04-12 00:00:00,1.0209057589272903
2017-04-12 01:00:00,0.2847280681323362
2017-04-12 02:00:00,0.3939278565945062
2017-04-12 03:00:00,0.2679921846900924
2017-04-12 04:00:00,1.980859786532311
2017-04-12 05:00:00,1.0368497436802055
2017-04-12 06:00:00,0.04828109615413134
2017-04-12 07:00:00,-0.2807409918463439
2017-04-12 08:00:00,-0.9837148265204296
2017-04-12 09:00:00,-1.7823321125094145
2017-04-12 10:00:00,-2.74361113102655
2017-04-12 11:00:00,-3.3251937574329413
2017-04-12 12:00:00,-3.8199324943325514
2017-04-12 13:00:00,-4.143328878306902
2017-04-12 14:00:00,-3.7260575658782424
2017-04-12 15:00:00,-3.880770337228485
2017-04-12 16:00:00,-3.780002220118725
2017-04-12 17:00:00,-3.3699390975741044
2017-04-12 18:00:00,-2.5409394268338192
2017-04-12 19:00:00,-1.630807699741363
2017-04-12 20:00:00,-0.41381684022306103
2017-04-12 21:00:00,0.2712878418101163
2017-04-12 22:00:00,0.3399279703808615
2017-04-12 23:00:00,0.321260300759377
2017-04-13 00:00:00,0.6593669277554886
2017-04-13 01:00:00,0.5884812046948369
2017-04-13 02:00:00,0.2855152596660373
2017-04-13 03:00:00,0.2751733092033219
2017-04-13 04:00:00,0.7193831363228126
2017-04-13 05:00:00,0.22807780255811363
2017-04-13 06:00:00,-0.02170698434767271
2017-04-13 07:00:00,-0.22938154110656925
2017-04-13 08:00:00,-0.9427913294754928
2017-04-13 09:00:00,-2.074143319739127
2017-04-13 10:00:00,-2.7489199087789395
2017-04-13 11:00:00,-3.6435160469572394
2017-04-13 12:00:00,-3.7168828024762077
2017-04-13 13:00:00,-3.6360532714571043
2017-04-13 14:00:00,-4.1736145777261795
2017-04-13 15:00:00,-4.154325766996757
2017-04-13 16:00:00,-3.959409747635033
2017-04-13 17:00:00,-3.3976118124787957
2017-04-13 18:00:00,-2.5043155988654346
2017-04-13 19:00:00,-1.4450338043704203
2017-04-13 20:00:00,-0.2621339918648864
2017-04-13 21:00:00,0.27204807964988237
2017-04-13 22:00:00,0.34454723622381456
2017-04-13 23:00:00,0.14961225546680834
2017-04-14 00:00:00,-0.6991245804068629
2017-04-14 01:00:00,0.3059282999823227
2017-04-14 02:00:00,0.2822080217066943
2017-04-14 03:00:00,0.272051489757531
2017-04-14 04:00:00,0.2660314158287439
2017-04-14 05:00:00,0.2524521658662479
2017-04-14 06:00:00,-0.010523687401323055
2017-04-14 07:00:00,-0.2585443430440571
2017-04-14 08:00:00,-0.8746340892324853
2017-04-14 09:00:00,-2.033387589995891
2017-04-14 10:00:00,-2.8880942002343573
2017-04-14 11:00:00,-4.0322469683725055
2017-04-14 12:00:00,-3.9731483144451833
2017-04-14 13:00:00,-4.594542210334026
2017-04-14 14:00:00,-4.264352305512701
2017-04-14 15:00:00,-3.640814315537989
2017-04-14 16:00:00,-3.7293366927509632
2017-04-14 17:00:00,-3.1347176738892446
2017-04-14 18:00:00,-0.8597496074170811
2017-04-14 19:00:00,-1.1224135975923653
2017-04-14 20:00:00,-0.31656012511894854
2017-04-14 21:00:00,0.3236144612015429
2017-04-14 22:00:00,0.32847809874032763
2017-04-14 23:00:00,0.4317204239749101
2017-04-15 00:00:00,1.0611112339548803
2017-04-15 01:00:00,0.2710102278875017
2017-04-15 02:00:00,0.8790258915670155
2017-04-15 03:00:00,0.275140936211489
2017-04-15 04:00:00,1.1397471121178682
2017-04-15 05:00:00,0.26570060935124484
2017-04-15 06:00:00,0.02286021315667207
2017-04-15 07:00:00,-0.042312887169733776
2017-04-15 08:00:00,-1.0479065055506243
2017-04-15 09:00:00,-1.83988720272853
2017-04-15 10:00:00,-2.9801553231618714
2017-04-15 11:00:00,-3.0908752946073466
2017-04-15 12:00:00,-3.893736339431067
2017-04-15 13:00:00,-4.18588341179142
2017-04-15 14:00:00,-4.0641343884653
2017-04-15 15:00:00,-4.252953387032724
2017-04-15 16:00:00,-4.256288597479288
2017-04-15 17:00:00,-3.693124159126172
2017-04-15 18:00:00,-2.2032103152807494
2017-04-15 19:00:00,-1.1527410736956727
2017-04-15 20:00:00,-0.24377579282594
2017-04-15 21:00:00,0.2699517594345401
2017-04-15 22:00:00,0.522283083749931
2017-04-15 23:00:00,0.443016267528443
2017-04-16 00:00:00,0.48091938034221227
2017-04-16 01:00:00,0.7561395046640793
2017-04-16 02:00:00,-0.07529782803375845
2017-04-16 03:00:00,0.3000036469167391
2017-04-16 04:00:00,0.28270892868019176
2017-04-16 05:00:00,0.6540950356270642
2017-04-16 06:00:00,0.022206685756662
2017-04-16 07:00:00,-0.22899311723460938
2017-04-16 08:00:00,-0.836550009862447
2017-04-16 09:00:00,-1.7556968357549818
2017-04-16 10:00:00,-2.49368007604207
2017-04-16 11:00:00,-3.1611111721474074
2017-04-16 12:00:00,-3.8146460482064333
2017-04-16 13:00:00,-4.509127795212131
2017-04-16 14:00:00,-4.137987119080815
2017-04-16 15:00:00,-4.164915696066415
2017-04-16 16:00:00,-3.3856042364131924
2017-04-16 17:00:00,-2.8746766241388153
2017-04-16 18:00:00,-2.3864542613531867
2017-04-16 19:00:00,-1.2689860303693103
2017-04-16 20:00:00,-0.1002081841954029
2017-04-16 21:00:00,0.3020052084207593
2017-04-16 22:00:00,0.3599687684986208
2017-04-16 23:00:00,0.4394776193074315
2017-04-17 00:00:00,2.2215483184718408
2017-04-17 01:00:00,0.25983403188421483
2017-04-17 02:00:00,0.24179699426878767
2017-04-17 03:00:00,0.23457419847741906
2017-04-17 04:00:00,2.30586193400539
2017-04-17 05:00:00,0.2283958883030154
2017-04-17 06:00:00,0.03259906734092198
2017-04-17 07:00:00,-0.24982213612671197
2017-04-17 08:00:00,-1.0239311969925788
2017-04-17 09:00:00,-1.9292612402797733
2017-04-17 10:00:00,-2.6859790649285027
2017-04-17 11:00:00,-3.646894588867895
2017-04-17 12:00:00,-4.047497272651981
2017-04-17 13:00:00,-4.470746029288128
2017-04-17 14:00:00,-4.019786600305624
2017-04-17 15:00:00,-4.078158005994188
2017-04-17 16:00:00,-3.5783454668352714
2017-04-17 17:00:00,-3.7473614838226874
2017-04-17 18:00:00,-2.548675695605139
2017-04-17 19:00:00,-0.8545004552176035
2017-04-17 20:00:00,-0.12380033159794587
2017-04-17 21:00:00,0.3221007953144807
2017-04-17 22:00:00,0.36930008493247574
2017-04-17 23:00:00,-0.07040033183079447
2017-04-18 00:00:00,0.7560369854957094
2017-04-18 01:00:00,0.28391592534879295
2017-04-18 02:00:00,1.1663206780344284
2017-04-18 03:00:00,0.2712569494132827
2017-04-18 04:00:00,0.2496018907147926
2017-04-18 05:00:00,0.25450755258506325
2017-04-18 06:00:00,-0.022112469341162615
2017-04-18 07:00:00,-0.12347256627816326
2017-04-18 08:00:00,-1.03968148880442
2017-04-18 09:00:00,-1.9491265360540537
2017-04-18 10:00:00,-3.2453958834823227
2017-04-18 11:00:00,-3.4272554199185827
2017-04-18 12:00:00,-4.181515029952066
2017-04-18 13:00:00,-4.720387012957025
2017-04-18 14:00:00,-4.0870988678234745
2017-04-18 15:00:00,-3.4127870538727687
2017-04-18 16:00:00,-3.975973444156405
2017-04-18 17:00:00,-2.9275077610498657
2017-04-18 18:00:00,-2.270325893492441
2017-04-18 19:00:00,-1.5344913896042278
2017-04-18 20:00:00,-0.17171164136759445
2017-04-18 21:00:00,0.31012647210351635
2017-04-18 22:00:00,0.4505435143506161
2017-04-18 23:00:00,0.3800811657084303
2017-04-19 00:00:00,0.30637739031172934
2017-04-19 01:00:00,1.5957848304688134
2017-04-19 02:00:00,6.446181674271786
2017-04-19 03:00:00,0.28362879575604694
2017-04-19 04:00:00,0.4211284671439184
2017-04-19 05:00:00,0.23246566687196993
2017-04-19 06:00:00,0.04515176158654105
2017-04-19 07:00:00,-0.2738620466137675
2017-04-19 08:00:00,-1.0775348887136145
2017-04-19 09:00:00,-1.9404052435289372
2017-04-19 10:00:00,-2.676149155982744
2017-04-19 11:00:00,-3.425226059903308
2017-04-19 12:00:00,-3.487619512176237
2017-04-19 13:00:00,-3.853624725727709
2017-04-19 14:00:00,-4.385160460587577
2017-04-19 15:00:00,-3.6413747496171167
2017-04-19 16:00:00,-4.164915880820176
2017-04-19 17:00:00,-3.3505952625346196
2017-04-19 18:00:00,-2.560327069769752
2017-04-19 19:00:00,-1.2430364382591566
2017-04-19 20:00:00,-0.03179106707379867
2017-04-19 21:00:00,0.34443031187981255
2017-04-19 22:00:00,0.4272118066266942
2017-04-19 23:00:00,0.3547275132485486
2017-04-20 00:00:00,0.30267805182234164
2017-04-20 01:00:00,0.27283984054270527
2017-04-20 02:00:00,0.6227467059790122
2017-04-20 03:00:00,0.2701393206046678
2017-04-20 04:00:00,0.24492341384616567
2017-04-20 05:00:00,1.2844123831201177
2017-04-20 06:00:00,0.29951585726677327
2017-04-20 07:00:00,-0.22472077825305897
2017-04-20 08:00:00,-0.8964163739750642
2017-04-20 09:00:00,-1.9031082046753496
2017-04-20 10:00:00,-2.9081366161605384
2017-04-20 11:00:00,-3.314883850053769
2017-04-20 12:00:00,-4.192533906270137
2017-04-20 13:00:00,-4.63876904220721
2017-04-20 14:00:00,-3.9863949082885077
2017-04-20 15:00:00,-2.890942561506062
2017-04-20 16:00:00,-3.4946294025662628
2017-04-20 17:00:00,-3.19375831230159
2017-04-20 18:00:00,-2.6646448339675324
2017-04-20 19:00:00,-1.1964387375464045
2017-04-20 20:00:00,-0.15278241071758203
2017-04-20 21:00:00,0.3857906086063979
2017-04-20 22:00:00,0.4086494897527626
2017-04-20 23:00:00,0.538674155002835
2017-04-21 00:00:00,2.29432131106612
2017-04-21 01:00:00,0.3005450042493349
2017-04-21 02:00:00,0.2992420517966255
2017-04-21 03:00:00,0.35827585867743017
2017-04-21 04:00:00,1.3883656715002939
2017-04-21 05:00:00,0.26812045439871995
2017-04-21 06:00:00,-0.041893724927378084
2017-04-21 07:00:00,-0.20102549848657364
2017-04-21 08:00:00,-0.9234679544320293
2017-04-21 09:00:00,-2.0840432729999194
2017-04-21 10:00:00,-2.8571345122055845
2017-04-21 11:00:00,-3.5215463528021744
2017-04-21 12:00:00,-3.908718199336143
2017-04-21 13:00:00,-4.072081006574276
2017-04-21 14:00:00,-4.188464645750294
2017-04-21 15:00:00,-4.235711573785152
2017-04-21 16:00:00,-4.197229150244548
2017-04-21 17:00:00,-3.0041315441562753
2017-04-21 18:00:00,-2.468597031199212
2017-04-21 19:00:00,-1.1932764567961411
2017-04-21 20:00:00,-0.05318373149285545
2017-04-21 21:00:00,0.28999633121912827
2017-04-21 22:00:00,0.3845310198391694
2017-04-21 23:00:00,0.8523066020719194
2017-04-22 00:00:00,0.3016118619808843
2017-04-22 01:00:00,0.2942922660417479
2017-04-22 02:00:00,0.4632278356233842
2017-04-22 03:00:00,0.29910195374480825
2017-04-22 04:00:00,1.0583192415240432
2017-04-22 05:00:00,0.28418662896541796
2017-04-22 06:00:00,-0.0027621746701010086
2017-04-22 07:00:00,-0.24779656006892392
2017-04-22 08:00:00,-1.019052351092891
2017-04-22 09:00:00,-1.9797521399276352
2017-04-22 10:00:00,-2.713341399819863
2017-04-22 11:00:00,-3.5596056563152123
2017-04-22 12:00:00,-2.902917299429394
2017-04-22 13:00:00,-3.910561618198165
2017-04-22 14:00:00,-4.1499967924455
2017-04-22 15:00:00,-4.010450437738984
2017-04-22 16:00:00,-4.525499784320759
2017-04-22 17:00:00,-3.754615052328881
2017-04-22 18:00:00,-2.473917010347851
2017-04-22 19:00:00,-1.2543566984031507
2017-04-22 20:00:00,0.0739874626176907
2017-04-22 21:00:00,0.28966677874504704
2017-04-22 22:00:00,0.3841238022157556
2017-04-22 23:00:00,0.3595287960103357
2017-04-23 00:00:00,0.3046775524790901
2017-04-23 01:00:00,2.7601934304528264
2017-04-23 02:00:00,0.48011310107811495
2017-04-23 03:00:00,1.5549621064225847
2017-04-23 04:00:00,0.2819528586040311
2017-04-23 05:00:00,0.2752137955662716
2017-04-23 06:00:00,0.04284502120287679
2017-04-23 07:00:00,-0.19099271573618581
2017-04-23 08:00:00,-0.9187074612498378
2017-04-23 09:00:00,-1.0483025258743355
2017-04-23 10:00:00,-2.668692713856156
2017-04-23 11:00:00,-3.476593929346987
2017-04-23 12:00:00,-3.848943041611748
2017-04-23 13:00:00,-4.128974027517393
2017-04-23 14:00:00,-4.2573786786102055
2017-04-23 15:00:00,-3.9079531588822296
2017-04-23 16:00:00,-3.8949115883842675
2017-04-23 17:00:00,-3.3115711489417707
2017-04-23 18:00:00,-2.521332527333966
2017-04-23 19:00:00,-1.0446083570163254
2017-04-23 20:00:00,-0.11612022771657378
2017-04-23 21:00:00,0.29629342164837835
2017-04-23 22:00:00,0.4108742021457198
2017-04-23 23:00:00,0.5478527375996385
2017-04-24 00:00:00,0.3052655383896352
2017-04-24 01:00:00,2.456632124995348
2017-04-24 02:00:00,0.5032021636721449
2017-04-24 03:00:00,2.245250638921915
2017-04-24 04:00:00,2.701021545966373
2017-04-24 05:00:00,0.47770031092305254
2017-04-24 06:00:00,0.0028608606230969384
2017-04-24 07:00:00,-0.25276080988170185
2017-04-24 08:00:00,-1.0024546925541489
2017-04-24 09:00:00,-2.057531395059371
2017-04-24 10:00:00,-2.7393025447767436
2017-04-24 11:00:00,-4.114276577163591
2017-04-24 12:00:00,-3.9629182201735196
2017-04-24 13:00:00,-3.669276496061633
2017-04-24 14:00:00,-4.441386683882075
2017-04-24 15:00:00,-4.11130180393516
2017-04-24 16:00:00,-3.5950402464666795
2017-04-24 17:00:00,-3.647100897257438
2017-04-24 18:00:00,-2.8141948354670667
2017-04-24 19:00:00,-1.620846538678118
2017-04-24 20:00:00,-0.35577626672525736
2017-04-24 21:00:00,0.3126762928453802
2017-04-24 22:00:00,0.4521220896830744
2017-04-24 23:00:00,0.3834542434084715
2017-04-25 00:00:00,0.4996967809965346
2017-04-25 01:00:00,3.461869479442319
2017-04-25 02:00:00,0.27349932383387604
2017-04-25 03:00:00,2.79561398846708
2017-04-25 04:00:00,0.2553669186440405
2017-04-25 05:00:00,0.6673160669332626
2017-04-25 06:00:00,-0.06031175760923162
2017-04-25 07:00:00,-0.5116363835859895
2017-04-25 08:00:00,-0.9245414296432883
2017-04-25 09:00:00,-1.8620592458921632
2017-04-25 10:00:00,-2.6629265507289133
2017-04-25 11:00:00,-3.3252366526928623
2017-04-25 12:00:00,-4.307623660396928
2017-04-25 13:00:00,-3.7972932438007683
2017-04-25 14:00:00,-3.8549576946795048
2017-04-25 15:00:00,-4.047754372736669
2017-04-25 16:00:00,-3.686398014920686
2017-04-25 17:00:00,-3.5551762422134345
2017-04-25 18:00:00,-2.787190411958311
2017-04-25 19:00:00,-1.3972002774641186
2017-04-25 20:00:00,-0.40326007943600534
2017-04-25 21:00:00,0.31344690741287173
2017-04-25 22:00:00,0.42884971808996347
2017-04-25 23:00:00,0.3636486503761186
2017-04-26 00:00:00,0.6769542465930998
2017-04-26 01:00:00,2.372708205068453
2017-04-26 02:00:00,2.1446901666422367
2017-04-26 03:00:00,0.26202550292272486
2017-04-26 04:00:00,0.27817059974320213
2017-04-26 05:00:00,0.29615452735484005
2017-04-26 06:00:00,0.03610135288946564
2017-04-26 07:00:00,-0.12517862557833573
2017-04-26 08:00:00,-0.9122757727495899
2017-04-26 09:00:00,-2.1386832039604857
2017-04-26 10:00:00,-3.0405864015187416
2017-04-26 11:00:00,-3.6275653984911056
2017-04-26 12:00:00,-3.925152678277858
2017-04-26 13:00:00,-3.6588703684390307
2017-04-26 14:00:00,-4.39994983385982
2017-04-26 15:00:00,-3.706500367742121
2017-04-26 16:00:00,-3.980599187716778
2017-04-26 17:00:00,-3.330154988528278
2017-04-26 18:00:00,-2.3872213928571084
2017-04-26 19:00:00,-1.075393734931916
2017-04-26 20:00:00,-0.23334720485067875
2017-04-26 21:00:00,0.25439137557381575
2017-04-26 22:00:00,0.35613276078125855
2017-04-26 23:00:00,0.35344002220932763
2017-04-27 00:00:00,0.6960939390211222
2017-04-27 01:00:00,0.3495701485621417
2017-04-27 02:00:00,0.8328301032668238
2017-04-27 03:00:00,0.2758031386180025
2017-04-27 04:00:00,0.26110299241714535
2017-04-27 05:00:00,0.25761251462363816
2017-04-27 06:00:00,-0.011650393715773973
2017-04-27 07:00:00,-0.26025366899612995
2017-04-27 08:00:00,-0.8868727236446631
2017-04-27 09:00:00,-1.8061031453979504
2017-04-27 10:00:00,-2.848955126048282
2017-04-27 11:00:00,-3.2356704425303486
2017-04-27 12:00:00,-3.5046250321858015
2017-04-27 13:00:00,-4.150532456099958
2017-04-27 14:00:00,-4.097068826373978
2017-04-27 15:00:00,-4.7260750121830855
2017-04-27 16:00:00,-3.2017671782994572
2017-04-27 17:00:00,-3.2831884603190304
2017-04-27 18:00:00,-1.9463757120719816
2017-04-27 19:00:00,-1.0362457836059908
2017-04-27 20:00:00,-0.07054134212601122
2017-04-27 21:00:00,0.2702834565340722
2017-04-27 22:00:00,0.41017054620306403
2017-04-27 23:00:00,0.3368030332433802
2017-04-28 00:00:00,0.3119168317655784
2017-04-28 01:00:00,0.28949263146044124
2017-04-28 02:00:00,0.30364543626729074
2017-04-28 03:00:00,0.3789711154234054
2017-04-28 04:00:00,0.26591240029195534
2017-04-28 05:00:00,0.23717782549024763
2017-04-28 06:00:00,0.038779257768830414
2017-04-28 07:00:00,-0.26112156757144317
2017-04-28 08:00:00,-0.9900513540994115
2017-04-28 09:00:00,-1.7574423468396514
2017-04-28 10:00:00,-2.9989367204327415
2017-04-28 11:00:00,-3.386162500192639
2017-04-28 12:00:00,-3.6984074083891345
2017-04-28 13:00:00,-3.700207151541288
2017-04-28 14:00:00,-4.172485038468607
2017-04-28 15:00:00,-4.308248489826175
2017-04-28 16:00:00,-3.6762033925916326
2017-04-28 17:00:00,-3.221364338593747
2017-04-28 18:00:00,-1.9226723080291621
2017-04-28 19:00:00,-0.9951025285279245
2017-04-28 20:00:00,0.09197377221551119
2017-04-28 21:00:00,0.2808830711568895
2017-04-28 22:00:00,0.3608590574429701
2017-04-28 23:00:00,0.4161864094528115
2017-04-29 00:00:00,0.3343981536272516
2017-04-29 01:00:00,0.31348907026977335
2017-04-29 02:00:00,0.7411661889475767
2017-04-29 03:00:00,0.8423467746747674
2017-04-29 04:00:00,-0.11277497101276401
2017-04-29 05:00:00,0.9755103137169201
2017-04-29 06:00:00,0.06370419095339845
2017-04-29 07:00:00,-0.20938144663335465
2017-04-29 08:00:00,-0.872636572381418
2017-04-29 09:00:00,-1.9485285344547376
2017-04-29 10:00:00,-2.6653846104609062
2017-04-29 11:00:00,-3.3181321406909334
2017-04-29 12:00:00,-3.54047837649847
2017-04-29 13:00:00,-4.428081893708835
2017-04-29 14:00:00,-4.1386637819446
2017-04-29 15:00:00,-4.150795050751798
2017-04-29 16:00:00,-3.99037121458397
2017-04-29 17:00:00,-3.451848899636951
2017-04-29 18:00:00,-2.022487488252421
2017-04-29 19:00:00,-1.0066723214735782
2017-04-29 20:00:00,0.17541227692024744
2017-04-29 21:00:00,0.3515834526387884
2017-04-29 22:00:00,0.37074004102133995
2017-04-29 23:00:00,0.44515922220378057
2017-04-30 00:00:00,0.33049074080162427
2017-04-30 01:00:00,1.0091350600902098
2017-04-30 02:00:00,0.30642378678814275
2017-04-30 03:00:00,3.551673321285272
2017-04-30 04:00:00,0.2882500551260175
2017-04-30 05:00:00,0.2787830350976321
2017-04-30 06:00:00,0.1157622504464024
2017-04-30 07:00:00,-0.2622745696728041
2017-04-30 08:00:00,-0.7712921518013837
2017-04-30 09:00:00,-1.858122521570681
2017-04-30 10:00:00,-2.913074888767582
2017-04-30 11:00:00,-3.330072877190411
2017-04-30 12:00:00,-3.921142513807179
2017-04-30 13:00:00,-4.268672344321307
2017-04-30 14:00:00,-4.3420175635166816
2017-04-30 15:00:00,-4.3130605222805265
2017-04-30 16:00:00,-3.7120744404057997
2017-04-30 17:00:00,-3.05350192703953
2017-04-30 18:00:00,-1.8286173487107833
2017-04-30 19:00:00,-1.0685244938299916
2017-04-30 20:00:00,0.027564169777388157
2017-04-30 21:00:00,0.357912041728552
2017-04-30 22:00:00,0.4056707038012625
2017-04-30 23:00:00,0.19011705504845586
2017-05-01 00:00:00,0.30063348431709347
2017-05-01 01:00:00,0.3104556429316411
2017-05-01 02:00:00,0.08019673589631789
2017-05-01 03:00:00,0.1934604013485605
2017-05-01 04:00:00,0.05131510029371816
2017-05-01 05:00:00,0.035707836070440084
2017-05-01 06:00:00,-0.16901132245614744
2017-05-01 07:00:00,-0.47280115843957315
2017-05-01 08:00:00,-1.1118549860091569
2017-05-01 09:00:00,-2.145321569598403
2017-05-01 10:00:00,-3.415266866697514
2017-05-01 11:00:00,-3.678883971699825
2017-05-01 12:00:00,-4.777717421265527
2017-05-01 13:00:00,-4.081079012945327
2017-05-01 14:00:00,-4.735884235679476
2017-05-01 15:00:00,-4.147105916847868
2017-05-01 16:00:00,-4.469643512382562
2017-05-01 17:00:00,-3.9546839194635033
2017-05-01 18:00:00,-3.452630987763196
2017-05-01 19:00:00,-2.142488215434101
2017-05-01 20:00:00,-0.9486414385003564
2017-05-01 21:00:00,0.03151658936051632
2017-05-01 22:00:00,0.24393999417478923
2017-05-01 23:00:00,1.1409960149556357
2017-05-02 00:00:00,0.15262933680767643
2017-05-02 01:00:00,0.20397687603555764
2017-05-02 02:00:00,0.1670700913381673
2017-05-02 03:00:00,0.11288296141287328
2017-05-02 04:00:00,0.0983042969264888
2017-05-02 05:00:00,0.08571219954758977
2017-05-02 06:00:00,-0.1568563993265818
2017-05-02 07:00:00,-0.4595663523125614
2017-05-02 08:00:00,-1.2478566946119956
2017-05-02 09:00:00,-2.2231297979539666
2017-05-02 10:00:00,-3.1561552441206957
2017-05-02 11:00:00,-3.2436703339333883
2017-05-02 12:00:00,-4.125666815891904
2017-05-02 13:00:00,-4.5556939985898905
2017-05-02 14:00:00,-4.697052140232328
2017-05-02 15:00:00,-4.541112290732494
2017-05-02 16:00:00,-4.525822432062515
2017-05-02 17:00:00,-3.5776768218311825
2017-05-02 18:00:00,-2.9828605598336093
2017-05-02 19:00:00,-1.9547930623651035
2017-05-02 20:00:00,-0.9586686326275646
2017-05-02 21:00:00,0.019174151475950724
2017-05-02 22:00:00,0.20323304559057198
2017-05-02 23:00:00,0.21256036457899716
2017-05-03 00:00:00,0.5469369886449632
2017-05-03 01:00:00,0.2453094673907792
2017-05-03 02:00:00,0.13826450056643153
2017-05-03 03:00:00,0.14156941408529952
2017-05-03 04:00:00,0.06935071929082931
2017-05-03 05:00:00,0.10622250592323959
2017-05-03 06:00:00,-0.09392102718752811
2017-05-03 07:00:00,-0.30326844365396427
2017-05-03 08:00:00,-1.3554984527239016
2017-05-03 09:00:00,-2.2204626253693145
2017-05-03 10:00:00,-3.310173685463267
2017-05-03 11:00:00,-3.6472300302459764
2017-05-03 12:00:00,-4.448334547032031
2017-05-03 13:00:00,-4.408620887893436
2017-05-03 14:00:00,-4.770588761206209
2017-05-03 15:00:00,-4.417893608482354
2017-05-03 16:00:00,-3.8326980437805354
2017-05-03 17:00:00,-3.8446980325809648
2017-05-03 18:00:00,-2.817860696940356
2017-05-03 19:00:00,-2.22627465640068
2017-05-03 20:00:00,-1.1265383447380424
2017-05-03 21:00:00,-0.016833118860682672
2017-05-03 22:00:00,-0.11658745234400425
2017-05-03 23:00:00,0.30628177940556295
2017-05-04 00:00:00,0.058558671795116965
2017-05-04 01:00:00,0.14823376996880094
2017-05-04 02:00:00,0.13296601749470954
2017-05-04 03:00:00,0.19898275899916423
2017-05-04 04:00:00,0.19637098342022488
2017-05-04 05:00:00,0.12001909979458575
2017-05-04 06:00:00,-0.11457184167369706
2017-05-04 07:00:00,-0.34713208796313444
2017-05-04 08:00:00,-1.1937118543412326
2017-05-04 09:00:00,-2.2067115423056505
2017-05-04 10:00:00,-3.255840060652919
2017-05-04 11:00:00,-3.905491320029781
2017-05-04 12:00:00,-4.325442013570786
2017-05-04 13:00:00,-3.8113779644219608
2017-05-04 14:00:00,-4.099873698847986
2017-05-04 15:00:00,-4.640233135361345
2017-05-04 16:00:00,-4.694154392129805
2017-05-04 17:00:00,-3.4886221335680268
2017-05-04 18:00:00,-2.890873317624026
2017-05-04 19:00:00,-2.1190089200564644
2017-05-04 20:00:00,-0.9170822142681604
2017-05-04 21:00:00,-0.07033493393420599
2017-05-04 22:00:00,0.17548998780714586
2017-05-04 23:00:00,0.22847788559294413
2017-05-05 00:00:00,0.39639246573772713
2017-05-05 01:00:00,0.22742118285996402
2017-05-05 02:00:00,0.1276021166941677
2017-05-05 03:00:00,0.11962019165625706
2017-05-05 04:00:00,0.23286508308496073
2017-05-05 05:00:00,0.28905354344969114
2017-05-05 06:00:00,-0.11399629264885479
2017-05-05 07:00:00,-0.4338024772574374
2017-05-05 08:00:00,-1.2406404586707525
2017-05-05 09:00:00,-2.4087562969083187
2017-05-05 10:00:00,-2.943389525931354
2017-05-05 11:00:00,-3.200565068948957
2017-05-05 12:00:00,-4.060895600850939
2017-05-05 13:00:00,-3.930776108471343
2017-05-05 14:00:00,-4.631153287943931
2017-05-05 15:00:00,-4.555397257994303
2017-05-05 16:00:00,-4.338001896760077
2017-05-05 17:00:00,-3.800227851129831
2017-05-05 18:00:00,-3.0268056445560334
2017-05-05 19:00:00,-2.4258231808043784
2017-05-05 20:00:00,-1.195868615207042
2017-05-05 21:00:00,-0.038881060313961796
2017-05-05 22:00:00,0.18602176438616377
2017-05-05 23:00:00,0.20464151093173172
2017-05-06 00:00:00,0.09665489772290968
2017-05-06 01:00:00,0.2626247743340664
2017-05-06 02:00:00,0.6225501985361745
2017-05-06 03:00:00,0.18658757368834444
2017-05-06 04:00:00,0.1237197030602641
2017-05-06 05:00:00,0.454911138766777
2017-05-06 06:00:00,-0.12171232175292666
2017-05-06 07:00:00,-0.23519537202202528
2017-05-06 08:00:00,-1.1247147527600052
2017-05-06 09:00:00,-2.0462408447099403
2017-05-06 10:00:00,-2.9504002827363793
2017-05-06 11:00:00,-4.004828287813909
2017-05-06 12:00:00,-4.101029318685681
2017-05-06 13:00:00,-4.271815840587441
2017-05-06 14:00:00,-4.3212451891012575
2017-05-06 15:00:00,-4.582873539939728
2017-05-06 16:00:00,-4.4869381609947085
2017-05-06 17:00:00,-3.8127415051036735
2017-05-06 18:00:00,-3.0098560645627206
2017-05-06 19:00:00,-2.068750837273721
2017-05-06 20:00:00,-1.0218289769564546
2017-05-06 21:00:00,-0.14677610853883458
2017-05-06 22:00:00,0.2436880579374711
2017-05-06 23:00:00,0.1996291568745418
2017-05-07 00:00:00,0.17045119445069482
2017-05-07 01:00:00,0.17143244815035139
2017-05-07 02:00:00,0.4874103615682708
2017-05-07 03:00:00,0.2519373926522961
2017-05-07 04:00:00,0.13594249866028202
2017-05-07 05:00:00,0.48445942847245227
2017-05-07 06:00:00,-0.06870119227187402
2017-05-07 07:00:00,-0.41424230421630487
2017-05-07 08:00:00,-1.2808725046316969
2017-05-07 09:00:00,-2.315063788357753
2017-05-07 10:00:00,-2.587138332154607
2017-05-07 11:00:00,-3.724706016604242
2017-05-07 12:00:00,-3.9440585335557903
2017-05-07 13:00:00,-4.781667914689271
2017-05-07 14:00:00,-4.3455859144388125
2017-05-07 15:00:00,-4.487330123787294
2017-05-07 16:00:00,-4.765615821785485
2017-05-07 17:00:00,-3.94986899431129
2017-05-07 18:00:00,-3.7655109721492606
2017-05-07 19:00:00,-1.9705768607486687
2017-05-07 20:00:00,-0.8953310714708118
2017-05-07 21:00:00,-0.03022021157511875
2017-05-07 22:00:00,0.2744014557528441
2017-05-07 23:00:00,0.2836129989164627
2017-05-08 00:00:00,0.8324616789193978
2017-05-08 01:00:00,0.14269416918330693
2017-05-08 02:00:00,6.061937400178497
2017-05-08 03:00:00,0.1097436487112294
2017-05-08 04:00:00,4.107237234252216
2017-05-08 05:00:00,0.08963428144917421
2017-05-08 06:00:00,0.3412672718745981
2017-05-08 07:00:00,-0.4375885247599426
2017-05-08 08:00:00,-1.295462615100861
2017-05-08 09:00:00,-2.3997554045312963
2017-05-08 10:00:00,-3.1844968562438543
2017-05-08 11:00:00,-3.9529287070511443
2017-05-08 12:00:00,-4.1658527023769985
2017-05-08 13:00:00,-4.200359285272797
2017-05-08 14:00:00,-4.933202586965148
2017-05-08 15:00:00,-4.450963630123514
2017-05-08 16:00:00,-4.03878169930798
2017-05-08 17:00:00,-4.435924503169839
2017-05-08 18:00:00,-3.2319968801555556
2017-05-08 19:00:00,-2.124429285855556
2017-05-08 20:00:00,-1.3101642642030529
2017-05-08 21:00:00,-0.12317951734710968
2017-05-08 22:00:00,0.25588426710885376
2017-05-08 23:00:00,0.22960697113222633
2017-05-09 00:00:00,0.15432727677081345
2017-05-09 01:00:00,0.2552674488798566
2017-05-09 02:00:00,0.14435041977357382
2017-05-09 03:00:00,1.04811957543997
2017-05-09 04:00:00,1.2842342635622188
2017-05-09 05:00:00,1.9506515826084347
2017-05-09 06:00:00,-0.14562926918836025
2017-05-09 07:00:00,-0.3327485647877745
2017-05-09 08:00:00,-1.3310053184348951
2017-05-09 09:00:00,-2.3107293072386557
2017-05-09 10:00:00,-3.529524068726532
2017-05-09 11:00:00,-3.883840461072182
2017-05-09 12:00:00,-4.0020871147213315
2017-05-09 13:00:00,-3.701379423255643
2017-05-09 14:00:00,-4.647909538003565
2017-05-09 15:00:00,-4.728674014334572
2017-05-09 16:00:00,-4.458965047990489
2017-05-09 17:00:00,-4.072332427170336
2017-05-09 18:00:00,-3.049071482156611
2017-05-09 19:00:00,-2.3488566140809715
2017-05-09 20:00:00,-1.0186565157495242
2017-05-09 21:00:00,-0.11915258349869651
2017-05-09 22:00:00,0.4861903311822219
2017-05-09 23:00:00,0.23487811259189922
2017-05-10 00:00:00,1.3115822216471076
2017-05-10 01:00:00,0.15713869462003693
2017-05-10 02:00:00,0.13662723707707297
2017-05-10 03:00:00,0.21530540760181943
2017-05-10 04:00:00,0.12334716100110138
2017-05-10 05:00:00,0.18351810447653494
2017-05-10 06:00:00,1.074675435288051
2017-05-10 07:00:00,-0.3091198057844173
2017-05-10 08:00:00,-1.2912242996780463
2017-05-10 09:00:00,-2.38510467675563
2017-05-10 10:00:00,-3.512471292170752
2017-05-10 11:00:00,-4.310773329658622
2017-05-10 12:00:00,-4.410185483362929
2017-05-10 13:00:00,-4.09477235120934
2017-05-10 14:00:00,-4.445767877801386
2017-05-10 15:00:00,-4.820500106909838
2017-05-10 16:00:00,-4.245808992543114
2017-05-10 17:00:00,-4.258867282447587
2017-05-10 18:00:00,-3.566116698025535
2017-05-10 19:00:00,-2.0750078645543817
2017-05-10 20:00:00,-1.00755870876048
2017-05-10 21:00:00,-0.11007121396417506
2017-05-10 22:00:00,0.21739034497119708
2017-05-10 23:00:00,0.23020023961323663
2017-05-11 00:00:00,0.2371056577085059
2017-05-11 01:00:00,0.14922210035575087
2017-05-11 02:00:00,0.1474821105204468
2017-05-11 03:00:00,0.53232982654357
2017-05-11 04:00:00,1.8267371812404047
2017-05-11 05:00:00,0.2341919136690097
2017-05-11 06:00:00,0.9279753405539106
2017-05-11 07:00:00,-0.3952755351606804
2017-05-11 08:00:00,-1.2693278037556417
2017-05-11 09:00:00,-2.103249579339878
2017-05-11 10:00:00,-3.8166029282167497
2017-05-11 11:00:00,-4.058969626533077
2017-05-11 12:00:00,-4.4939509572443965
2017-05-11 13:00:00,-4.017019940802633
2017-05-11 14:00:00,-4.597601276124148
2017-05-11 15:00:00,-4.511704522149823
2017-05-11 16:00:00,-4.6715194954932775
2017-05-11 17:00:00,-4.041637238602957
2017-05-11 18:00:00,-3.140574599120299
2017-05-11 19:00:00,-2.4516356231206036
2017-05-11 20:00:00,-1.1776764244442952
2017-05-11 21:00:00,-0.0829795121264785
2017-05-11 22:00:00,0.15559953224787415
2017-05-11 23:00:00,0.30826332003487034
2017-05-12 00:00:00,0.17211940379977267
2017-05-12 01:00:00,0.16646311577968345
2017-05-12 02:00:00,0.14959640286290296
2017-05-12 03:00:00,0.2314903976051002
2017-05-12 04:00:00,0.24265777866925203
2017-05-12 05:00:00,1.5371016591291387
2017-05-12 06:00:00,-0.03726184412675701
2017-05-12 07:00:00,-0.4345789108424308
2017-05-12 08:00:00,-1.1601071450146783
2017-05-12 09:00:00,-2.3239997615536088
2017-05-12 10:00:00,-3.280930781184504
2017-05-12 11:00:00,-3.761661949636022
2017-05-12 12:00:00,-3.6000886622034467
2017-05-12 13:00:00,-3.5367406847217278
2017-05-12 14:00:00,-4.646451407446639
2017-05-12 15:00:00,-4.832537540559192
2017-05-12 16:00:00,-4.187328586811565
2017-05-12 17:00:00,-3.8056192033306475
2017-05-12 18:00:00,-2.7225781677148095
2017-05-12 19:00:00,-2.5342394112620736
2017-05-12 20:00:00,-1.1068755657760143
2017-05-12 21:00:00,-0.059657734483565886
2017-05-12 22:00:00,0.20109985415766876
2017-05-12 23:00:00,0.2779414935946713
2017-05-13 00:00:00,0.20051865208636116
2017-05-13 01:00:00,0.18337264234217662
2017-05-13 02:00:00,0.1509997519595708
2017-05-13 03:00:00,0.2700211021355069
2017-05-13 04:00:00,0.15411392717970368
2017-05-13 05:00:00,0.45582610491575104
2017-05-13 06:00:00,0.07176511164403034
2017-05-13 07:00:00,-0.4221165246280527
2017-05-13 08:00:00,-1.334057882650019
2017-05-13 09:00:00,-2.142065588078078
2017-05-13 10:00:00,-3.036583513263748
2017-05-13 11:00:00,-3.2935541366076637
2017-05-13 12:00:00,-4.1712271454986345
2017-05-13 13:00:00,-3.8963018592838705
2017-05-13 14:00:00,-4.563748522170137
2017-05-13 15:00:00,-4.154617886700721
2017-05-13 16:00:00,-4.634530750701334
2017-05-13 17:00:00,-3.363937519344592
2017-05-13 18:00:00,-3.2790994576610712
2017-05-13 19:00:00,-2.337607232039489
2017-05-13 20:00:00,-1.0298675184022124
2017-05-13 21:00:00,-0.10664144703011665
2017-05-13 22:00:00,0.255661566897358
2017-05-13 23:00:00,0.3259317844570037
2017-05-14 00:00:00,1.142027631385527
2017-05-14 01:00:00,0.14919577323890176
2017-05-14 02:00:00,0.16807553439938355
2017-05-14 03:00:00,0.14468822828554617
2017-05-14 04:00:00,0.14093221432721537
2017-05-14 05:00:00,0.1631080162974955
2017-05-14 06:00:00,-0.03147455345742628
2017-05-14 07:00:00,-0.2977507728943203
2017-05-14 08:00:00,-1.2450619131547516
2017-05-14 09:00:00,-2.2636352002088254
2017-05-14 10:00:00,-2.9472276375228845
2017-05-14 11:00:00,-3.390904598210121
2017-05-14 12:00:00,-4.150730955593832
2017-05-14 13:00:00,-4.648500248291075
2017-05-14 14:00:00,-4.454911602890137
2017-05-14 15:00:00,-4.576133710543118
2017-05-14 16:00:00,-4.53645015509287
2017-05-14 17:00:00,-3.891356320843853
2017-05-14 18:00:00,-3.194084478861418
2017-05-14 19:00:00,-2.35271399368658
2017-05-14 20:00:00,-0.8519046644171756
2017-05-14 21:00:00,0.020754589907743176
2017-05-14 22:00:00,0.37027369465812787
2017-05-14 23:00:00,-0.06794841850752575
2017-05-15 00:00:00,0.17665259429437152
2017-05-15 01:00:00,1.5611796547979
2017-05-15 02:00:00,0.23076830540414053
2017-05-15 03:00:00,0.12496981239200547
2017-05-15 04:00:00,0.0982909020194919
2017-05-15 05:00:00,0.12075913693216378
2017-05-15 06:00:00,0.22567367875686198
2017-05-15 07:00:00,-0.4201708657079245
2017-05-15 08:00:00,-1.3105128754702935
2017-05-15 09:00:00,-2.4379882152259538
2017-05-15 10:00:00,-3.5470111492471084
2017-05-15 11:00:00,-3.6567846098153813
2017-05-15 12:00:00,-4.401714035993706
2017-05-15 13:00:00,-4.646218815471994
2017-05-15 14:00:00,-4.5165568318066
2017-05-15 15:00:00,-4.4900251561281115
2017-05-15 16:00:00,-4.7225914636340605
2017-05-15 17:00:00,-4.053023850584209
2017-05-15 18:00:00,-3.7525099989490505
2017-05-15 19:00:00,-2.376043071097976
2017-05-15 20:00:00,-1.2751418416026554
2017-05-15 21:00:00,0.028641194571671497
2017-05-15 22:00:00,0.1740817945608647
2017-05-15 23:00:00,0.21414076031727822
2017-05-16 00:00:00,0.16156911740553648
2017-05-16 01:00:00,0.9114309102329299
2017-05-16 02:00:00,1.4862097207956984
2017-05-16 03:00:00,0.13328557650417971
2017-05-16 04:00:00,0.8403995803671584
2017-05-16 05:00:00,0.15575565097794186
2017-05-16 06:00:00,0.253401530970388
2017-05-16 07:00:00,-0.47654756925904046
2017-05-16 08:00:00,-1.2981211157200438
2017-05-16 09:00:00,-2.307814998990218
2017-05-16 10:00:00,-3.368277320049784
2017-05-16 11:00:00,-3.5756051732332232
2017-05-16 12:00:00,-3.970028735909277
2017-05-16 13:00:00,-4.30765209534574
2017-05-16 14:00:00,-4.374230005248138
2017-05-16 15:00:00,-4.187119946255916
2017-05-16 16:00:00,-4.056539818508605
2017-05-16 17:00:00,-4.646286607098737
2017-05-16 18:00:00,-3.5806464064233996
2017-05-16 19:00:00,-2.5268975559727522
2017-05-16 20:00:00,-1.3701180408405484
2017-05-16 21:00:00,-0.12386650641137145
2017-05-16 22:00:00,0.15749320211582468
2017-05-16 23:00:00,0.3244238032634751
2017-05-17 00:00:00,0.1685443935440777
2017-05-17 01:00:00,0.15927645638397214
2017-05-17 02:00:00,0.14799114048086948
2017-05-17 03:00:00,1.2325083110019646
2017-05-17 04:00:00,0.11014561162852061
2017-05-17 05:00:00,1.1768368428227622
2017-05-17 06:00:00,0.00616128548614453
2017-05-17 07:00:00,-0.33025765490890024
2017-05-17 08:00:00,-1.2912985045712655
2017-05-17 09:00:00,-2.098602293288057
2017-05-17 10:00:00,-3.2232318982563326
2017-05-17 11:00:00,-3.455760941302343
2017-05-17 12:00:00,-4.1319187606002235
2017-05-17 13:00:00,-4.423144841291309
2017-05-17 14:00:00,-4.990627064340612
2017-05-17 15:00:00,-4.559105561392923
2017-05-17 16:00:00,-4.393404294669005
2017-05-17 17:00:00,-3.5419694246038977
2017-05-17 18:00:00,-3.173636505107079
2017-05-17 19:00:00,-2.5099064105471927
2017-05-17 20:00:00,-1.2867741094518685
2017-05-17 21:00:00,-0.24609176170891148
2017-05-17 22:00:00,0.24203056765999753
2017-05-17 23:00:00,0.2435003418358732
2017-05-18 00:00:00,0.4196079275881561
2017-05-18 01:00:00,0.13792706287389886
2017-05-18 02:00:00,0.13384033093410402
2017-05-18 03:00:00,0.28035462392825833
2017-05-18 04:00:00,1.333716362170656
2017-05-18 05:00:00,0.1896537132488165
2017-05-18 06:00:00,0.2842054745018786
2017-05-18 07:00:00,-0.3624812430561329
2017-05-18 08:00:00,-1.283228778348614
2017-05-18 09:00:00,-2.508474408594127
2017-05-18 10:00:00,-2.9853229505785253
2017-05-18 11:00:00,-4.261465092569469
2017-05-18 12:00:00,-4.306008930223541
2017-05-18 13:00:00,-4.301020031087081
2017-05-18 14:00:00,-4.6377981327026605
2017-05-18 15:00:00,-3.9922960447560003
2017-05-18 16:00:00,-4.557265370378438
2017-05-18 17:00:00,-4.040329031626661
2017-05-18 18:00:00,-3.4191893798754225
2017-05-18 19:00:00,-2.123946206139664
2017-05-18 20:00:00,-1.225177517313895
2017-05-18 21:00:00,-0.1737922388493089
2017-05-18 22:00:00,0.141047640820408
2017-05-18 23:00:00,0.46642774309194635
2017-05-19 00:00:00,0.16612630745156276
2017-05-19 01:00:00,0.15569250901446377
2017-05-19 02:00:00,0.14931588886088695
2017-05-19 03:00:00,0.2106613728573139
2017-05-19 04:00:00,0.7696391419715574
2017-05-19 05:00:00,0.15880603199776439
2017-05-19 06:00:00,-0.002451891981652299
2017-05-19 07:00:00,-0.436450595848944
2017-05-19 08:00:00,-1.1632395332545942
2017-05-19 09:00:00,-2.1273207781571903
2017-05-19 10:00:00,-3.2538944690192126
2017-05-19 11:00:00,-4.087967906224293
2017-05-19 12:00:00,-4.289688164102468
2017-05-19 13:00:00,-4.716851627440145
2017-05-19 14:00:00,-4.1728779622721905
2017-05-19 15:00:00,-3.8441848648640464
2017-05-19 16:00:00,-4.067385567490111
2017-05-19 17:00:00,-3.530894037728448
2017-05-19 18:00:00,-3.125822765138864
2017-05-19 19:00:00,-2.465394024466909
2017-05-19 20:00:00,-1.1073666682203032
2017-05-19 21:00:00,-0.07897630531706222
2017-05-19 22:00:00,0.25389430405859426
2017-05-19 23:00:00,0.22329061327404875
2017-05-20 00:00:00,0.46095833364340794
2017-05-20 01:00:00,0.24484343020935562
2017-05-20 02:00:00,0.8674751235189286
2017-05-20 03:00:00,0.13259298343727585
2017-05-20 04:00:00,0.1362143349035512
2017-05-20 05:00:00,1.432101697182483
2017-05-20 06:00:00,0.09162264345291624
2017-05-20 07:00:00,-0.48250150388157587
2017-05-20 08:00:00,-1.0896271387831251
2017-05-20 09:00:00,-2.501922121351507
2017-05-20 10:00:00,-3.088316576912132
2017-05-20 11:00:00,-3.9112940281225166
2017-05-20 12:00:00,-3.8801718693164093
2017-05-20 13:00:00,-4.724865979280782
2017-05-20 14:00:00,-3.71018817732268
2017-05-20 15:00:00,-4.189271466469846
2017-05-20 16:00:00,-4.215429229194006
2017-05-20 17:00:00,-3.5095978553262035
2017-05-20 18:00:00,-3.1753710903222827
2017-05-20 19:00:00,-2.3366774937967376
2017-05-20 20:00:00,-0.9235394187272681
2017-05-20 21:00:00,0.07834412510395831
2017-05-20 22:00:00,0.15442996935963377
2017-05-20 23:00:00,0.2541518144018868
2017-05-21 00:00:00,1.5925453770066316
2017-05-21 01:00:00,0.17249328389655194
2017-05-21 02:00:00,0.16780430401681692
2017-05-21 03:00:00,0.1614606704635844
2017-05-21 04:00:00,0.15340588776121214
2017-05-21 05:00:00,0.142044236170975
2017-05-21 06:00:00,-0.13448671440469537
2017-05-21 07:00:00,-0.5110796181461452
2017-05-21 08:00:00,-1.1352341021685133
2017-05-21 09:00:00,-2.2211041869744985
2017-05-21 10:00:00,-2.9317118987656228
2017-05-21 11:00:00,-3.568808513889292
2017-05-21 12:00:00,-3.346502410737702
2017-05-21 13:00:00,-3.959461142600217
2017-05-21 14:00:00,-3.841701212480142
2017-05-21 15:00:00,-4.405230916443848
2017-05-21 16:00:00,-4.5212412232267525
2017-05-21 17:00:00,-4.109365820781201
2017-05-21 18:00:00,-3.1689337432812623
2017-05-21 19:00:00,-2.3923721739111303
2017-05-21 20:00:00,-0.9762522952443078
2017-05-21 21:00:00,0.026502296217392307
2017-05-21 22:00:00,0.19509438500420176
2017-05-21 23:00:00,0.37125905257490077
2017-05-22 00:00:00,0.24882371158678873
2017-05-22 01:00:00,1.5355153107211557
2017-05-22 02:00:00,0.22231717940059034
2017-05-22 03:00:00,0.2122249962960436
2017-05-22 04:00:00,0.09738718753066962
2017-05-22 05:00:00,0.8859387663653532
2017-05-22 06:00:00,-0.3406901791098841
2017-05-22 07:00:00,-0.38597686298943834
2017-05-22 08:00:00,-1.34875737526071
2017-05-22 09:00:00,-2.414678222674369
2017-05-22 10:00:00,-3.2334555539024423
2017-05-22 11:00:00,-4.169616193701384
2017-05-22 12:00:00,-3.838493005868913
2017-05-22 13:00:00,-3.5906404697715137
2017-05-22 14:00:00,-4.813234605266691
2017-05-22 15:00:00,-3.729826347321114
2017-05-22 16:00:00,-4.1489569995093865
2017-05-22 17:00:00,-4.873123546973227
2017-05-22 18:00:00,-1.2064423396603599
2017-05-22 19:00:00,-2.415527146205413
2017-05-22 20:00:00,-1.3827992149239745
2017-05-22 21:00:00,-0.20751117886452164
2017-05-22 22:00:00,0.15100727585414972
2017-05-22 23:00:00,0.754260397185213
2017-05-23 00:00:00,1.0170959301897335
2017-05-23 01:00:00,0.14543208278078343
2017-05-23 02:00:00,0.5158213855330356
2017-05-23 03:00:00,0.13050990697517673
2017-05-23 04:00:00,1.310507519542108
2017-05-23 05:00:00,0.13137180050868558
2017-05-23 06:00:00,0.018202892681412813
2017-05-23 07:00:00,-0.5077076484882751
2017-05-23 08:00:00,-1.3153530700159002
2017-05-23 09:00:00,-2.4640839624298554
2017-05-23 10:00:00,-2.9455200231057215
2017-05-23 11:00:00,-4.174063455110667
2017-05-23 12:00:00,-4.056683138039108
2017-05-23 13:00:00,-4.447926043204278
2017-05-23 14:00:00,-3.9187601341545033
2017-05-23 15:00:00,-4.630833395252531
2017-05-23 16:00:00,-4.908281685634837
2017-05-23 17:00:00,-4.413322320914844
2017-05-23 18:00:00,-3.987441183399915
2017-05-23 19:00:00,-2.557534093719993
2017-05-23 20:00:00,-1.2740336800786471
2017-05-23 21:00:00,-0.1734589305841241
2017-05-23 22:00:00,0.19863169015359075
2017-05-23 23:00:00,0.23993425591249937
2017-05-24 00:00:00,0.6016496414077553
2017-05-24 01:00:00,0.24387305920863922
2017-05-24 02:00:00,0.14516881904830384
2017-05-24 03:00:00,0.13795037118303197
2017-05-24 04:00:00,0.43353547988868346
2017-05-24 05:00:00,0.1250094192908864
2017-05-24 06:00:00,0.2267061956901987
2017-05-24 07:00:00,-0.4202410945655436
2017-05-24 08:00:00,-1.254643748065041
2017-05-24 09:00:00,-2.358112786347205
2017-05-24 10:00:00,-3.3219479843423665
2017-05-24 11:00:00,-4.094741638436628
2017-05-24 12:00:00,-4.279117241962521
2017-05-24 13:00:00,-4.018859432296836
2017-05-24 14:00:00,-4.740877569680805
2017-05-24 15:00:00,-4.260614668209668
2017-05-24 16:00:00,-4.358435104474395
2017-05-24 17:00:00,-3.7517772364343864
2017-05-24 18:00:00,-3.4630299017259407
2017-05-24 19:00:00,-2.2501786894233833
2017-05-24 20:00:00,-1.2334991449046886
2017-05-24 21:00:00,-0.17103080906136903
2017-05-24 22:00:00,0.2298383691415985
2017-05-24 23:00:00,0.2849318101544015
2017-05-25 00:00:00,0.16182793343791047
2017-05-25 01:00:00,0.14994437641975183
2017-05-25 02:00:00,1.2117940501333941
2017-05-25 03:00:00,0.143714682184423
2017-05-25 04:00:00,0.7841220878242606
2017-05-25 05:00:00,0.12992627892100622
2017-05-25 06:00:00,-0.007912939972500088
2017-05-25 07:00:00,-0.49668408889934
2017-05-25 08:00:00,-1.402739238541596
2017-05-25 09:00:00,-2.2719682918945563
2017-05-25 10:00:00,-2.9104636767134333
2017-05-25 11:00:00,-4.096404066055632
2017-05-25 12:00:00,-4.717635166355251
2017-05-25 13:00:00,-4.092390456676962
2017-05-25 14:00:00,-4.2787636555569835
2017-05-25 15:00:00,-4.095684563044993
2017-05-25 16:00:00,-4.622089250818814
2017-05-25 17:00:00,-3.6750001753617374
2017-05-25 18:00:00,-3.1449499963892573
2017-05-25 19:00:00,-2.4390614134711317
2017-05-25 20:00:00,-1.211896254615126
2017-05-25 21:00:00,-0.050270208334530025
2017-05-25 22:00:00,0.178571496859392
2017-05-25 23:00:00,0.4578234571004197
2017-05-26 00:00:00,0.17751119127532444
2017-05-26 01:00:00,0.24709391287607846
2017-05-26 02:00:00,1.0853347846857175
2017-05-26 03:00:00,0.1465092018640127
2017-05-26 04:00:00,0.1386133997892651
2017-05-26 05:00:00,0.1334585773025047
2017-05-26 06:00:00,-0.013677103316489969
2017-05-26 07:00:00,-0.32674962805195407
2017-05-26 08:00:00,-1.26884157973765
2017-05-26 09:00:00,-2.138296918300576
2017-05-26 10:00:00,-3.3343131485871353
2017-05-26 11:00:00,-4.0209377547175515
2017-05-26 12:00:00,-3.780989732736361
2017-05-26 13:00:00,-4.44749438389845
2017-05-26 14:00:00,-4.213402098813917
2017-05-26 15:00:00,-4.762706971515541
2017-05-26 16:00:00,-4.515849597091193
2017-05-26 17:00:00,-3.9636033089947973
2017-05-26 18:00:00,-3.5642015800867317
2017-05-26 19:00:00,-2.3283225490574457
2017-05-26 20:00:00,-0.9831114101424885
2017-05-26 21:00:00,-0.15349356764359603
2017-05-26 22:00:00,0.18002142649191105
2017-05-26 23:00:00,0.41819939134284256
2017-05-27 00:00:00,0.2011679037988939
2017-05-27 01:00:00,0.1532463909853635
2017-05-27 02:00:00,0.1866515283869094
2017-05-27 03:00:00,-0.3730989665805934
2017-05-27 04:00:00,1.241157228462848
2017-05-27 05:00:00,0.15939781429231215
2017-05-27 06:00:00,0.40018872659263016
2017-05-27 07:00:00,-0.5499497031892309
2017-05-27 08:00:00,-1.2038945564801073
2017-05-27 09:00:00,-2.3335788377929565
2017-05-27 10:00:00,-3.214993881873618
2017-05-27 11:00:00,-3.8986156237649037
2017-05-27 12:00:00,-4.28810485133657
2017-05-27 13:00:00,-4.798676208554204
2017-05-27 14:00:00,-4.240298362947435
2017-05-27 15:00:00,-4.14272508629615
2017-05-27 16:00:00,-4.640871923335844
2017-05-27 17:00:00,-3.2847659294208946
2017-05-27 18:00:00,-3.0832504232161764
2017-05-27 19:00:00,-2.3198921140760094
2017-05-27 20:00:00,-0.8761495306382312
2017-05-27 21:00:00,-0.0066503198060623835
2017-05-27 22:00:00,0.16257033674486623
2017-05-27 23:00:00,0.16324707971499802
2017-05-28 00:00:00,0.4799420957332382
2017-05-28 01:00:00,-0.03006775841571535
2017-05-28 02:00:00,0.16210607990446704
2017-05-28 03:00:00,1.1177538255365371
2017-05-28 04:00:00,0.16021066620626406
2017-05-28 05:00:00,0.285026039903832
2017-05-28 06:00:00,-0.09401293639158158
2017-05-28 07:00:00,-0.5272777241298052
2017-05-28 08:00:00,-1.1953209948679673
2017-05-28 09:00:00,-2.3653903960809775
2017-05-28 10:00:00,-3.0670201454921235
2017-05-28 11:00:00,-3.48984882617728
2017-05-28 12:00:00,-3.7142419473386368
2017-05-28 13:00:00,-5.190373924193665
2017-05-28 14:00:00,-4.757220488881597
2017-05-28 15:00:00,-4.153829880882636
2017-05-28 16:00:00,-4.302322583350018
2017-05-28 17:00:00,-4.082777914717082
2017-05-28 18:00:00,-3.2005626188152254
2017-05-28 19:00:00,-1.9791540673936698
2017-05-28 20:00:00,-0.9150480339979368
2017-05-28 21:00:00,0.011419589821952188
2017-05-28 22:00:00,0.21135751358424082
2017-05-28 23:00:00,0.6004491550925573
2017-05-29 00:00:00,0.16729232891826504
2017-05-29 01:00:00,1.629150808898741
2017-05-29 02:00:00,0.1181889207494697
2017-05-29 03:00:00,-0.3706303218774755
2017-05-29 04:00:00,0.0915893193112434
2017-05-29 05:00:00,0.7509033251474875
2017-05-29 06:00:00,-0.11423106707960663
2017-05-29 07:00:00,-0.3916485123890411
2017-05-29 08:00:00,-1.469902131222379
2017-05-29 09:00:00,-2.3907770346402613
2017-05-29 10:00:00,-3.2659981794640363
2017-05-29 11:00:00,-3.9287544042962264
2017-05-29 12:00:00,-4.358450268437169
2017-05-29 13:00:00,-4.274747151135551
2017-05-29 14:00:00,-4.3505629874399405
2017-05-29 15:00:00,-4.524501024341553
2017-05-29 16:00:00,-4.18523687912393
2017-05-29 17:00:00,-4.10575909695785
2017-05-29 18:00:00,-3.5191336419806447
2017-05-29 19:00:00,-2.6603797987647373
2017-05-29 20:00:00,-1.3630310297351051
2017-05-29 21:00:00,-0.16696023067381066
2017-05-29 22:00:00,0.26507698732149265
2017-05-29 23:00:00,0.9513906780897425
2017-05-30 00:00:00,0.1735813764051468
2017-05-30 01:00:00,1.1169906190653998
2017-05-30 02:00:00,1.6255753794506707
2017-05-30 03:00:00,0.11535997700890833
2017-05-30 04:00:00,0.12193777052269916
2017-05-30 05:00:00,0.2000692484713342
2017-05-30 06:00:00,-0.01957158239917564
2017-05-30 07:00:00,-0.4270975589788824
2017-05-30 08:00:00,-1.2652880835529052
2017-05-30 09:00:00,-2.644803989321242
2017-05-30 10:00:00,-3.2914407901165426
2017-05-30 11:00:00,-3.757291340593967
2017-05-30 12:00:00,-4.234851600079907
2017-05-30 13:00:00,-4.305005903151782
2017-05-30 14:00:00,-4.1905752072008235
2017-05-30 15:00:00,-4.681613624906469
2017-05-30 16:00:00,-4.165129513709611
2017-05-30 17:00:00,-3.4736636114513684
2017-05-30 18:00:00,-3.3888915326371514
2017-05-30 19:00:00,-2.572619710948319
2017-05-30 20:00:00,-1.2333366139661677
2017-05-30 21:00:00,-0.24837276172000505
2017-05-30 22:00:00,0.1879160619173674
2017-05-30 23:00:00,0.21285165206052903
2017-05-31 00:00:00,0.154779779392942
2017-05-31 01:00:00,0.2361914325460254
2017-05-31 02:00:00,0.1293923832735999
2017-05-31 03:00:00,0.6778149874612938
2017-05-31 04:00:00,1.1235896730159385
2017-05-31 05:00:00,1.5513040518306511
2017-05-31 06:00:00,0.27978678309077043
2017-05-31 07:00:00,-0.4932049153098559
2017-05-31 08:00:00,-1.1513354938923954
2017-05-31 09:00:00,-2.2019011352885993
2017-05-31 10:00:00,-3.2641231238997075
2017-05-31 11:00:00,-3.6188362512505394
2017-05-31 12:00:00,-4.043619369560116
2017-05-31 13:00:00,-4.395006848690523
2017-05-31 14:00:00,-4.290619144134391
2017-05-31 15:00:00,-4.127070175232554
2017-05-31 16:00:00,-4.077450413747815
2017-05-31 17:00:00,-4.3344082881497705
2017-05-31 18:00:00,-3.362163988086047
2017-05-31 19:00:00,-2.1814360975176097
2017-05-31 20:00:00,-1.5637773635311936
2017-05-31 21:00:00,-0.24338535700023317
2017-05-31 22:00:00,0.1901819878128482
2017-05-31 23:00:00,0.23792240372496395
2017-06-01 00:00:00,1.0619584565332036
2017-06-01 01:00:00,0.0762135337884083
2017-06-01 02:00:00,0.033026742830269774
2017-06-01 03:00:00,0.1280338971823299
2017-06-01 04:00:00,0.4566223534258448
2017-06-01 05:00:00,1.1561823674735914
2017-06-01 06:00:00,-0.1647834129744467
2017-06-01 07:00:00,-0.6006556003397114
2017-06-01 08:00:00,-1.136204470404601
2017-06-01 09:00:00,-2.4289384495522808
2017-06-01 10:00:00,-3.3889690405146182
2017-06-01 11:00:00,-3.759176989845913
2017-06-01 12:00:00,-4.421813884949249
2017-06-01 13:00:00,-4.891245728859687
2017-06-01 14:00:00,-5.127050605023632
2017-06-01 15:00:00,-5.143662700663009
2017-06-01 16:00:00,-4.638686331449057
2017-06-01 17:00:00,-4.941799878602714
2017-06-01 18:00:00,-3.545739320311872
2017-06-01 19:00:00,-2.5592702452665423
2017-06-01 20:00:00,-1.7258382533960706
2017-06-01 21:00:00,-0.36632361142958886
2017-06-01 22:00:00,0.12750862125582593
2017-06-01 23:00:00,0.5710098397502956
2017-06-02 00:00:00,0.08090141746053672
2017-06-02 01:00:00,0.05938493880596803
2017-06-02 02:00:00,0.10310222684764905
2017-06-02 03:00:00,0.05324003451124391
2017-06-02 04:00:00,0.09082473104796462
2017-06-02 05:00:00,0.02441387402031566
2017-06-02 06:00:00,-0.22320430516284945
2017-06-02 07:00:00,-0.4707045351023072
2017-06-02 08:00:00,-1.425041093912768
2017-06-02 09:00:00,-2.229441674513598
2017-06-02 10:00:00,-3.4278648633977102
2017-06-02 11:00:00,-3.8523217871760256
2017-06-02 12:00:00,-4.522980308450809
2017-06-02 13:00:00,-4.37566934122064
2017-06-02 14:00:00,-4.120347687178208
2017-06-02 15:00:00,-4.780692953971974
2017-06-02 16:00:00,-4.253028324170197
2017-06-02 17:00:00,-4.249706195427756
2017-06-02 18:00:00,-3.811522746487578
2017-06-02 19:00:00,-2.701420237508032
2017-06-02 20:00:00,-1.52253830617594
2017-06-02 21:00:00,-0.2567826274765971
2017-06-02 22:00:00,0.1471899436977972
2017-06-02 23:00:00,0.10512553009006523
2017-06-03 00:00:00,0.05833163784459932
2017-06-03 01:00:00,1.1559144544344644
2017-06-03 02:00:00,0.13693918362509006
2017-06-03 03:00:00,0.05601184597740151
2017-06-03 04:00:00,0.05209545263048357
2017-06-03 05:00:00,0.0040257635773715056
2017-06-03 06:00:00,-0.0008886404861334629
2017-06-03 07:00:00,-0.5868666047315051
2017-06-03 08:00:00,-1.4033835506916827
2017-06-03 09:00:00,-2.744487419378986
2017-06-03 10:00:00,-3.1233592858571484
2017-06-03 11:00:00,-4.130997740136312
2017-06-03 12:00:00,-4.163667585886414
2017-06-03 13:00:00,-4.23304221634739
2017-06-03 14:00:00,-4.419006933690857
2017-06-03 15:00:00,-5.012694796128624
2017-06-03 16:00:00,-4.464730775774016
2017-06-03 17:00:00,-3.9545295476194986
2017-06-03 18:00:00,-3.7808456983773855
2017-06-03 19:00:00,-2.470219330312871
2017-06-03 20:00:00,-1.1350800336093099
2017-06-03 21:00:00,-0.22911291763159286
2017-06-03 22:00:00,0.08334599908141896
2017-06-03 23:00:00,0.1473727149994274
2017-06-04 00:00:00,0.07443493148766285
2017-06-04 01:00:00,0.10938044083721368
2017-06-04 02:00:00,0.05514195747030582
2017-06-04 03:00:00,0.05735515602972074
2017-06-04 04:00:00,0.028307223156963286
2017-06-04 05:00:00,0.22880018231743707
2017-06-04 06:00:00,-0.10935606428977697
2017-06-04 07:00:00,-0.4083038381673385
2017-06-04 08:00:00,-1.353451198837997
2017-06-04 09:00:00,-2.452016721225431
2017-06-04 10:00:00,-3.365130510075048
2017-06-04 11:00:00,-3.515548974748389
2017-06-04 12:00:00,-4.137178201687672
2017-06-04 13:00:00,-4.272506137232304
2017-06-04 14:00:00,-4.565414804826436
2017-06-04 15:00:00,-4.740096033093464
2017-06-04 16:00:00,-3.8303397012592924
2017-06-04 17:00:00,-4.074433902799307
2017-06-04 18:00:00,-3.286927314192526
2017-06-04 19:00:00,-2.472385818345304
2017-06-04 20:00:00,-1.1741106188893031
2017-06-04 21:00:00,-0.12241026167498592
2017-06-04 22:00:00,0.14411382340652357
2017-06-04 23:00:00,0.16513761808380054
2017-06-05 00:00:00,0.9559748974726281
2017-06-05 01:00:00,0.026971555027491708
2017-06-05 02:00:00,0.8201931691124926
2017-06-05 03:00:00,0.021757766184301423
2017-06-05 04:00:00,0.0015742612980960897
2017-06-05 05:00:00,0.2994151375865355
2017-06-05 06:00:00,-0.20578606875041192
2017-06-05 07:00:00,-0.5435692260637677
2017-06-05 08:00:00,-1.33546112654188
2017-06-05 09:00:00,-2.557246404805637
2017-06-05 10:00:00,-3.5294320811457167
2017-06-05 11:00:00,-3.86730570290956
2017-06-05 12:00:00,0.4948942341905189
2017-06-05 13:00:00,-3.724203599346618
2017-06-05 14:00:00,-4.480429831476297
2017-06-05 15:00:00,-4.261405685555204
2017-06-05 16:00:00,-4.8707295378468
2017-06-05 17:00:00,-3.5314343853586254
2017-06-05 18:00:00,-2.8837189786181314
2017-06-05 19:00:00,-2.89187688567459
2017-06-05 20:00:00,-1.5496454407187468
2017-06-05 21:00:00,-0.40603110867584535
2017-06-05 22:00:00,0.05669980101750159
2017-06-05 23:00:00,0.10019370496355316
2017-06-06 00:00:00,0.06252476150562233
2017-06-06 01:00:00,0.7625714680321389
2017-06-06 02:00:00,0.046416728746577
2017-06-06 03:00:00,1.934082786458592
2017-06-06 04:00:00,0.037974880485633015
2017-06-06 05:00:00,-0.004483920286688696
2017-06-06 06:00:00,0.48078482672815437
2017-06-06 07:00:00,-0.4842210614024467
2017-06-06 08:00:00,-1.4081224841941617
2017-06-06 09:00:00,-2.6692720256278255
2017-06-06 10:00:00,-3.6538144318867283
2017-06-06 11:00:00,-3.8042623706958762
2017-06-06 12:00:00,-4.7104399790869165
2017-06-06 13:00:00,-4.689091634175989
2017-06-06 14:00:00,-4.689818223320627
2017-06-06 15:00:00,-4.724303231995238
2017-06-06 16:00:00,-4.473141908622634
2017-06-06 17:00:00,-4.5945430755243475
2017-06-06 18:00:00,-3.484195997949596
2017-06-06 19:00:00,-2.755606368956257
2017-06-06 20:00:00,-1.5833414949235096
2017-06-06 21:00:00,-0.22931523065176684
2017-06-06 22:00:00,0.17062299134172065
2017-06-06 23:00:00,0.12660282610146487
2017-06-07 00:00:00,0.05388090220758189
2017-06-07 01:00:00,1.6921893113348458
2017-06-07 02:00:00,0.9733514153985542
2017-06-07 03:00:00,0.03827966459765853
2017-06-07 04:00:00,0.6911147558230774
2017-06-07 05:00:00,0.00949156083871576
2017-06-07 06:00:00,-0.20481850700541113
2017-06-07 07:00:00,-0.5666085000890163
2017-06-07 08:00:00,-1.2266313950571959
2017-06-07 09:00:00,-2.063466849953411
2017-06-07 10:00:00,-3.2335585129319755
2017-06-07 11:00:00,-4.305819421083984
2017-06-07 12:00:00,-4.745917003909435
2017-06-07 13:00:00,-4.275026639369897
2017-06-07 14:00:00,-4.690773106101319
2017-06-07 15:00:00,-3.9813516498054295
2017-06-07 16:00:00,-4.195726693660896
2017-06-07 17:00:00,-4.3287688182718265
2017-06-07 18:00:00,-3.7220811462517984
2017-06-07 19:00:00,-2.7593505709637136
2017-06-07 20:00:00,-1.4094378891222947
2017-06-07 21:00:00,-0.260828731867251
2017-06-07 22:00:00,0.048615310267230365
2017-06-07 23:00:00,0.10953056092121569
2017-06-08 00:00:00,0.06589869075420891
2017-06-08 01:00:00,0.05438665209335564
2017-06-08 02:00:00,0.5236280337807457
2017-06-08 03:00:00,0.20279847151463154
2017-06-08 04:00:00,0.03623440615661626
2017-06-08 05:00:00,-0.525824789079216
2017-06-08 06:00:00,-0.18697451807287113
2017-06-08 07:00:00,-0.4700512298616885
2017-06-08 08:00:00,-1.3327019558915936
2017-06-08 09:00:00,-2.4327071617074347
2017-06-08 10:00:00,-3.24167586306366
2017-06-08 11:00:00,-3.5629075546687226
2017-06-08 12:00:00,-4.153186100914315
2017-06-08 13:00:00,-4.142181884231409
2017-06-08 14:00:00,-3.804051871287548
2017-06-08 15:00:00,-4.556283388701807
2017-06-08 16:00:00,-4.637741862072315
2017-06-08 17:00:00,-3.6412109523746783
2017-06-08 18:00:00,-3.118649703420694
2017-06-08 19:00:00,-2.2192411378695773
2017-06-08 20:00:00,-1.086769316887515
2017-06-08 21:00:00,-0.29852445599782484
2017-06-08 22:00:00,0.22801236445496822
2017-06-08 23:00:00,0.36829730938850447
2017-06-09 00:00:00,0.14220403418028082
2017-06-09 01:00:00,0.06802952026055033
2017-06-09 02:00:00,0.47894857446321015
2017-06-09 03:00:00,0.04013558511258217
2017-06-09 04:00:00,0.09557037686141223
2017-06-09 05:00:00,0.03663777189179587
2017-06-09 06:00:00,-0.182896977300289
2017-06-09 07:00:00,-0.4493514788796236
2017-06-09 08:00:00,-1.3418366039181655
2017-06-09 09:00:00,-2.162852851414791
2017-06-09 10:00:00,-3.7128462150048174
2017-06-09 11:00:00,-3.9709799678250444
2017-06-09 12:00:00,-4.471604292772485
2017-06-09 13:00:00,-4.03198782447661
2017-06-09 14:00:00,-3.9704230707059347
2017-06-09 15:00:00,-4.3705573455913305
2017-06-09 16:00:00,-4.566741764543191
2017-06-09 17:00:00,-4.053223587140913
2017-06-09 18:00:00,-3.161185450809142
2017-06-09 19:00:00,1.65412515094911
2017-06-09 20:00:00,-1.4834466792680323
2017-06-09 21:00:00,-0.25819099512215804
2017-06-09 22:00:00,0.06173481693559505
2017-06-09 23:00:00,0.0831305845606929
2017-06-10 00:00:00,0.1171528323654534
2017-06-10 01:00:00,0.12165288259775345
2017-06-10 02:00:00,0.06800767337364931
2017-06-10 03:00:00,0.045805818853430165
2017-06-10 04:00:00,0.19421600895926988
2017-06-10 05:00:00,0.010313195347090038
2017-06-10 06:00:00,-0.17868267852989891
2017-06-10 07:00:00,-0.47381342799112947
2017-06-10 08:00:00,-1.364446235329648
2017-06-10 09:00:00,-2.4334750602146795
2017-06-10 10:00:00,-3.490714526960018
2017-06-10 11:00:00,-3.7278684172195793
2017-06-10 12:00:00,-4.5268029551459374
2017-06-10 13:00:00,-4.719448828916263
2017-06-10 14:00:00,-4.95249672791157
2017-06-10 15:00:00,-3.7291325387420433
2017-06-10 16:00:00,-4.482563095100466
2017-06-10 17:00:00,-4.315519816529106
2017-06-10 18:00:00,-3.3615833561356965
2017-06-10 19:00:00,-2.552748055270491
2017-06-10 20:00:00,-1.3414565518113195
2017-06-10 21:00:00,-0.21454993201069372
2017-06-10 22:00:00,0.1017066357414119
2017-06-10 23:00:00,0.10084817083821498
2017-06-11 00:00:00,0.5186331480512576
2017-06-11 01:00:00,-0.4172674466224894
2017-06-11 02:00:00,0.06332968909857523
2017-06-11 03:00:00,0.13658683139509925
2017-06-11 04:00:00,0.4310680345184515
2017-06-11 05:00:00,0.8864993184969983
2017-06-11 06:00:00,-0.060940923987999135
2017-06-11 07:00:00,-0.5080414504123939
2017-06-11 08:00:00,-1.295131020625865
2017-06-11 09:00:00,-2.3074216302676014
2017-06-11 10:00:00,-3.407735525962734
2017-06-11 11:00:00,-3.9042766516736567
2017-06-11 12:00:00,-4.054212212785593
2017-06-11 13:00:00,-4.714171362648731
2017-06-11 14:00:00,-4.1689298841757125
2017-06-11 15:00:00,-5.167961231818964
2017-06-11 16:00:00,-4.40166461006104
2017-06-11 17:00:00,-3.9582213937661916
2017-06-11 18:00:00,-1.1784811634872836
2017-06-11 19:00:00,-2.6338003079109646
2017-06-11 20:00:00,-1.236691151947425
2017-06-11 21:00:00,-0.1783547595462193
2017-06-11 22:00:00,0.1784398855084891
2017-06-11 23:00:00,0.19670991176563363
2017-06-12 00:00:00,0.1677413150163911
2017-06-12 01:00:00,0.2482552565546413
2017-06-12 02:00:00,0.13116066468390558
2017-06-12 03:00:00,0.014292156416024219
2017-06-12 04:00:00,0.8866270320298149
2017-06-12 05:00:00,0.013136827902876218
2017-06-12 06:00:00,-0.18857759398618848
2017-06-12 07:00:00,-0.4042595860259225
2017-06-12 08:00:00,-1.300849461920833
2017-06-12 09:00:00,-2.596095173182186
2017-06-12 10:00:00,-3.593177167137207
2017-06-12 11:00:00,-3.396102012234545
2017-06-12 12:00:00,-4.391242824822075
2017-06-12 13:00:00,-4.790056201593354
2017-06-12 14:00:00,-5.210169437129931
2017-06-12 15:00:00,-4.390394984569799
2017-06-12 16:00:00,-4.801290467186977
2017-06-12 17:00:00,-4.686640669937702
2017-06-12 18:00:00,-3.722577354932314
2017-06-12 19:00:00,-2.8497396664746084
2017-06-12 20:00:00,-1.4893499983931113
2017-06-12 21:00:00,-0.3490812419472332
2017-06-12 22:00:00,0.13729630489210282
2017-06-12 23:00:00,0.1018020341643469
2017-06-13 00:00:00,0.0629575160733901
2017-06-13 01:00:00,1.2792496112164813
2017-06-13 02:00:00,0.13035646433668052
2017-06-13 03:00:00,0.752098833325553
2017-06-13 04:00:00,0.034669826503797595
2017-06-13 05:00:00,0.024928819212256252
2017-06-13 06:00:00,-0.12952703354522602
2017-06-13 07:00:00,-0.4208725682551657
2017-06-13 08:00:00,-1.4351165904317535
2017-06-13 09:00:00,-2.3886079778661626
2017-06-13 10:00:00,-3.081619740461558
2017-06-13 11:00:00,-3.824761371691951
2017-06-13 12:00:00,-4.27843161833387
2017-06-13 13:00:00,-4.495108732199781
2017-06-13 14:00:00,-4.8352707164788375
2017-06-13 15:00:00,-4.595256346545253
2017-06-13 16:00:00,-4.3356040972216405
2017-06-13 17:00:00,-3.8504317349128394
2017-06-13 18:00:00,-3.153204807202975
2017-06-13 19:00:00,-2.760952898082975
2017-06-13 20:00:00,-1.4870126415325824
2017-06-13 21:00:00,-0.38118163494879326
2017-06-13 22:00:00,0.048549827359678874
2017-06-13 23:00:00,0.23649658345654745
2017-06-14 00:00:00,0.18429593770913805
2017-06-14 01:00:00,2.8667862344709367
2017-06-14 02:00:00,0.03775832197823817
2017-06-14 03:00:00,0.0667063907414805
2017-06-14 04:00:00,0.049388212816616414
2017-06-14 05:00:00,0.9586703233013949
2017-06-14 06:00:00,-0.19984790274473022
2017-06-14 07:00:00,-0.4346466719580865
2017-06-14 08:00:00,-1.399220737260399
2017-06-14 09:00:00,-2.2332541722639294
2017-06-14 10:00:00,-3.578708060919515
2017-06-14 11:00:00,-4.336376996428572
2017-06-14 12:00:00,-4.068308735058231
2017-06-14 13:00:00,-4.589408882586622
2017-06-14 14:00:00,-4.563493195137453
2017-06-14 15:00:00,-4.829714044160375
2017-06-14 16:00:00,-4.872801798338103
2017-06-14 17:00:00,-4.327949170196365
2017-06-14 18:00:00,-3.102585115162039
2017-06-14 19:00:00,-2.51451178476384
2017-06-14 20:00:00,-1.5858454512241282
2017-06-14 21:00:00,-0.2518279967150555
2017-06-14 22:00:00,0.0756491297534248
2017-06-14 23:00:00,0.09464195672249083
2017-06-15 00:00:00,0.059463070785330134
2017-06-15 01:00:00,0.0549574133231357
2017-06-15 02:00:00,0.48750219741135903
2017-06-15 03:00:00,0.1839724305552565
2017-06-15 04:00:00,0.407601057713834
2017-06-15 05:00:00,0.14123226063764244
2017-06-15 06:00:00,0.2372503834285072
2017-06-15 07:00:00,-0.529271799518962
2017-06-15 08:00:00,-1.3702508816801444
2017-06-15 09:00:00,-2.483973203148492
2017-06-15 10:00:00,-2.801113708190519
2017-06-15 11:00:00,-3.741205507624662
2017-06-15 12:00:00,-4.161403796232957
2017-06-15 13:00:00,-4.891016901515518
2017-06-15 14:00:00,-4.163490987607888
2017-06-15 15:00:00,-5.027384769844889
2017-06-15 16:00:00,-4.8825135971594635
2017-06-15 17:00:00,-4.067864294883502
2017-06-15 18:00:00,-3.609647604721809
2017-06-15 19:00:00,-2.3087797474233187
2017-06-15 20:00:00,-1.535883481185686
2017-06-15 21:00:00,-0.317892796316495
2017-06-15 22:00:00,0.061458239154755484
2017-06-15 23:00:00,0.08805853102519821
2017-06-16 00:00:00,0.06218315903789938
2017-06-16 01:00:00,0.04794663230650806
2017-06-16 02:00:00,0.0419731907005327
2017-06-16 03:00:00,0.05780707898254494
2017-06-16 04:00:00,0.016046557652687556
2017-06-16 05:00:00,0.01937224722615793
2017-06-16 06:00:00,0.2393064728990444
2017-06-16 07:00:00,-0.5369441284315322
2017-06-16 08:00:00,-1.3158518153287337
2017-06-16 09:00:00,-2.336917094910492
2017-06-16 10:00:00,-3.2602835392005654
2017-06-16 11:00:00,-3.5829508962363206
2017-06-16 12:00:00,-4.098351659261203
2017-06-16 13:00:00,-4.482243758365077
2017-06-16 14:00:00,-4.415086152754053
2017-06-16 15:00:00,-5.068562304415715
2017-06-16 16:00:00,-4.512832679271495
2017-06-16 17:00:00,-4.076246999945682
2017-06-16 18:00:00,-3.2788823120878376
2017-06-16 19:00:00,-2.63223099468705
2017-06-16 20:00:00,-1.1543705420122035
2017-06-16 21:00:00,-0.22155839793206508
2017-06-16 22:00:00,0.06360562477859766
2017-06-16 23:00:00,0.16362494079305373
2017-06-17 00:00:00,0.18648031855464847
2017-06-17 01:00:00,0.6140617475663963
2017-06-17 02:00:00,0.05154175421669953
2017-06-17 03:00:00,0.3952158005566324
2017-06-17 04:00:00,0.027944517576044468
2017-06-17 05:00:00,0.530497027788627
2017-06-17 06:00:00,-0.10168774593871122
2017-06-17 07:00:00,-0.31109666322007967
2017-06-17 08:00:00,-1.330169684835353
2017-06-17 09:00:00,-2.2844542869789852
2017-06-17 10:00:00,-3.5383647639709452
2017-06-17 11:00:00,-4.213160075720598
2017-06-17 12:00:00,-4.545949191336505
2017-06-17 13:00:00,-4.38994445622752
2017-06-17 14:00:00,-3.599230259874924
2017-06-17 15:00:00,-4.898949421120334
2017-06-17 16:00:00,-5.027882868459821
2017-06-17 17:00:00,-3.73460432344092
2017-06-17 18:00:00,-3.237130221574069
2017-06-17 19:00:00,-2.3240022503337294
2017-06-17 20:00:00,-1.3351183067941048
2017-06-17 21:00:00,-0.2816061910446626
2017-06-17 22:00:00,0.07115520361561888
2017-06-17 23:00:00,0.11720149703766224
2017-06-18 00:00:00,-0.31934298693732777
2017-06-18 01:00:00,0.13479085359282603
2017-06-18 02:00:00,0.05929425276841834
2017-06-18 03:00:00,0.6502396969232723
2017-06-18 04:00:00,-0.37923543678023314
2017-06-18 05:00:00,0.059271272793250326
2017-06-18 06:00:00,-0.21997530404667234
2017-06-18 07:00:00,-0.48515010535749037
2017-06-18 08:00:00,-1.2368297051764505
2017-06-18 09:00:00,-2.486078562772352
2017-06-18 10:00:00,-3.0280031479763463
2017-06-18 11:00:00,-4.107876062838849
2017-06-18 12:00:00,-4.300819310911236
2017-06-18 13:00:00,-4.513515581894636
2017-06-18 14:00:00,-4.546646152502502
2017-06-18 15:00:00,-4.64352296924775
2017-06-18 16:00:00,-3.868132454685324
2017-06-18 17:00:00,-3.8236308452020347
2017-06-18 18:00:00,-3.199416537474038
2017-06-18 19:00:00,-2.615043042425278
2017-06-18 20:00:00,-1.1802694787176837
2017-06-18 21:00:00,-0.21704530479579504
2017-06-18 22:00:00,0.09570884270652874
2017-06-18 23:00:00,0.11066790800453771
2017-06-19 00:00:00,1.719005688184303
2017-06-19 01:00:00,0.255029105764514
2017-06-19 02:00:00,0.8803509536741724
2017-06-19 03:00:00,0.5179377984062263
2017-06-19 04:00:00,0.0920533530619702
2017-06-19 05:00:00,-0.0010821443327921469
2017-06-19 06:00:00,-0.20098576882964428
2017-06-19 07:00:00,0.03560557284467081
2017-06-19 08:00:00,-1.493486359583666
2017-06-19 09:00:00,-2.5600377578611075
2017-06-19 10:00:00,-3.6997344827500283
2017-06-19 11:00:00,-4.1208164780714815
2017-06-19 12:00:00,-4.448460653831547
2017-06-19 13:00:00,-4.148881475253136
2017-06-19 14:00:00,-3.9891191722161117
2017-06-19 15:00:00,-5.287817366047149
2017-06-19 16:00:00,-4.3962111229841865
2017-06-19 17:00:00,-4.0289033043271685
2017-06-19 18:00:00,-3.6787412275310327
2017-06-19 19:00:00,-2.7559839077597803
2017-06-19 20:00:00,-1.6588492974646287
2017-06-19 21:00:00,-0.31741913697515955
2017-06-19 22:00:00,0.169424014915929
2017-06-19 23:00:00,0.34012897502465766
2017-06-20 00:00:00,0.13207409504246634
2017-06-20 01:00:00,0.4548626076401988
2017-06-20 02:00:00,1.3566621779644528
2017-06-20 03:00:00,0.07421854751000187
2017-06-20 04:00:00,0.833190212670333
2017-06-20 05:00:00,-0.19910108244120922
2017-06-20 06:00:00,-0.18376845612452528
2017-06-20 07:00:00,-0.5328456200604055
2017-06-20 08:00:00,-1.3359693821102034
2017-06-20 09:00:00,-2.5304521117491308
2017-06-20 10:00:00,-3.2021961967529946
2017-06-20 11:00:00,-3.896743094635646
2017-06-20 12:00:00,-4.783576328678213
2017-06-20 13:00:00,-4.9563533450696875
2017-06-20 14:00:00,-4.783955851828467
2017-06-20 15:00:00,-4.83020920007244
2017-06-20 16:00:00,-4.130488848489469
2017-06-20 17:00:00,-4.218317117358954
2017-06-20 18:00:00,-3.7117024979833153
2017-06-20 19:00:00,-2.668748277360396
2017-06-20 20:00:00,-1.3792436886305068
2017-06-20 21:00:00,-0.250840058773778
2017-06-20 22:00:00,0.002543349074109046
2017-06-20 23:00:00,-0.04395617719873483
2017-06-21 00:00:00,0.921028502823183
2017-06-21 01:00:00,0.8183705672555547
2017-06-21 02:00:00,0.0535571353890055
2017-06-21 03:00:00,0.021976358567843798
2017-06-21 04:00:00,0.1421320013708332
2017-06-21 05:00:00,0.22465958840029737
2017-06-21 06:00:00,-1.5685767929275432
2017-06-21 07:00:00,-0.5671123352153068
2017-06-21 08:00:00,-1.3851942567243598
2017-06-21 09:00:00,-2.418124681088153
2017-06-21 10:00:00,-3.388967950810854
2017-06-21 11:00:00,-3.487458641022693
2017-06-21 12:00:00,-4.265408361959344
2017-06-21 13:00:00,-3.7163151419611298
2017-06-21 14:00:00,-4.6494747394727804
2017-06-21 15:00:00,-4.181511762885648
2017-06-21 16:00:00,-4.097618284644452
2017-06-21 17:00:00,-3.9312017830645045
2017-06-21 18:00:00,-3.3327756482012005
2017-06-21 19:00:00,-2.455923546115252
2017-06-21 20:00:00,-1.392634992730838
2017-06-21 21:00:00,-0.17784431614817392
2017-06-21 22:00:00,0.12478713193969265
2017-06-21 23:00:00,0.14721166901435367
2017-06-22 00:00:00,0.07192472050189169
2017-06-22 01:00:00,0.4057153120701234
2017-06-22 02:00:00,0.08273477231080778
2017-06-22 03:00:00,0.5920376333040899
2017-06-22 04:00:00,0.28997142336783255
2017-06-22 05:00:00,0.29177297986773676
2017-06-22 06:00:00,-0.12995168862938583
2017-06-22 07:00:00,-0.4510485054894049
2017-06-22 08:00:00,-1.259050251929531
2017-06-22 09:00:00,-2.305240542122463
2017-06-22 10:00:00,-3.173796759097349
2017-06-22 11:00:00,-4.247935624344388
2017-06-22 12:00:00,-4.376661273016618
2017-06-22 13:00:00,-4.634959403789461
2017-06-22 14:00:00,-4.016399238142504
2017-06-22 15:00:00,-4.312672363022748
2017-06-22 16:00:00,-4.267895210936213
2017-06-22 17:00:00,-3.904520551577361
2017-06-22 18:00:00,-3.3652474086782007
2017-06-22 19:00:00,-2.4322486567960446
2017-06-22 20:00:00,-1.238228149111067
2017-06-22 21:00:00,-0.30020654528009527
2017-06-22 22:00:00,0.044178481599657905
2017-06-22 23:00:00,0.13631109585240367
2017-06-23 00:00:00,0.0570895906755006
2017-06-23 01:00:00,0.5596238422539777
2017-06-23 02:00:00,-0.283378938311577
2017-06-23 03:00:00,0.515039197060814
2017-06-23 04:00:00,0.6855560487031366
2017-06-23 05:00:00,0.2726512479486391
2017-06-23 06:00:00,-0.21602354671953558
2017-06-23 07:00:00,-0.49335728285021124
2017-06-23 08:00:00,-1.4759391821494763
2017-06-23 09:00:00,-2.2222232266426727
2017-06-23 10:00:00,-3.380728908501038
2017-06-23 11:00:00,-3.9969461636617423
2017-06-23 12:00:00,-4.330081602714245
2017-06-23 13:00:00,-4.189496978491954
2017-06-23 14:00:00,-4.484467404993806
2017-06-23 15:00:00,-4.707756288852768
2017-06-23 16:00:00,-4.2990123284932436
2017-06-23 17:00:00,-4.6886918831396125
2017-06-23 18:00:00,-3.0603792815913984
2017-06-23 19:00:00,-2.5115552341729286
2017-06-23 20:00:00,-1.311377972790904
2017-06-23 21:00:00,-0.2393436584025958
2017-06-23 22:00:00,0.13402702695805374
2017-06-23 23:00:00,0.21349322065240112
2017-06-24 00:00:00,1.4916454945745286
2017-06-24 01:00:00,0.39925358693451773
2017-06-24 02:00:00,0.02448779965256192
2017-06-24 03:00:00,0.10810670402549583
2017-06-24 04:00:00,1.3494969371940038
2017-06-24 05:00:00,-0.09320444375932657
2017-06-24 06:00:00,-0.16137637652331646
2017-06-24 07:00:00,-0.4714449349646144
2017-06-24 08:00:00,-1.182066414742937
2017-06-24 09:00:00,-2.293811589415629
2017-06-24 10:00:00,-2.935978066487032
2017-06-24 11:00:00,-4.311962150454553
2017-06-24 12:00:00,-3.9607388429600547
2017-06-24 13:00:00,-4.454818463252817
2017-06-24 14:00:00,-4.743661692360765
2017-06-24 15:00:00,-4.119397110626045
2017-06-24 16:00:00,-3.8189850218797763
2017-06-24 17:00:00,-3.9767647784283353
2017-06-24 18:00:00,-3.2993789326658542
2017-06-24 19:00:00,-2.223323894957111
2017-06-24 20:00:00,-1.461987922062319
2017-06-24 21:00:00,-0.2031302240481881
2017-06-24 22:00:00,0.04301111147975188
2017-06-24 23:00:00,0.14310631608562457
2017-06-25 00:00:00,0.07969984272092463
2017-06-25 01:00:00,0.068631372692871
2017-06-25 02:00:00,0.10334411996501315
2017-06-25 03:00:00,0.1289888236535967
2017-06-25 04:00:00,0.7810026707815503
2017-06-25 05:00:00,0.0711028561141202
2017-06-25 06:00:00,-0.19529911596192634
2017-06-25 07:00:00,-0.47043632815546
2017-06-25 08:00:00,-1.2802227760540263
2017-06-25 09:00:00,-2.292621366299099
2017-06-25 10:00:00,-3.1020377752809956
2017-06-25 11:00:00,-4.054737932640877
2017-06-25 12:00:00,-4.61023395220349
2017-06-25 13:00:00,-4.707450287826803
2017-06-25 14:00:00,-4.609461667659314
2017-06-25 15:00:00,-4.459968920520329
2017-06-25 16:00:00,-4.28827984630771
2017-06-25 17:00:00,-4.269510539878468
2017-06-25 18:00:00,-2.9448488008703735
2017-06-25 19:00:00,-2.2758705582346233
2017-06-25 20:00:00,-1.2815799897065459
2017-06-25 21:00:00,-0.09436857128401943
2017-06-25 22:00:00,0.12693225448005857
2017-06-25 23:00:00,0.12191620578275734
2017-06-26 00:00:00,1.2528148238785037
2017-06-26 01:00:00,1.3043120496700298
2017-06-26 02:00:00,1.8146868237401061
2017-06-26 03:00:00,0.6679969046063811
2017-06-26 04:00:00,0.32966410810888813
2017-06-26 05:00:00,0.27855632761198285
2017-06-26 06:00:00,-0.22181595002398563
2017-06-26 07:00:00,-0.5311315006544692
2017-06-26 08:00:00,-1.3808040232994117
2017-06-26 09:00:00,-2.2805932251634524
2017-06-26 10:00:00,-3.3731315882718738
2017-06-26 11:00:00,-4.142592881602027
2017-06-26 12:00:00,-4.131976707018132
2017-06-26 13:00:00,-4.375724773394895
2017-06-26 14:00:00,-5.008222536731561
2017-06-26 15:00:00,-5.056899883302854
2017-06-26 16:00:00,-4.314452454793485
2017-06-26 17:00:00,-4.690521897375171
2017-06-26 18:00:00,-3.8653195150669304
2017-06-26 19:00:00,-2.8731918900921554
2017-06-26 20:00:00,-1.6001225964064067
2017-06-26 21:00:00,-0.3280333079166533
2017-06-26 22:00:00,0.025614759225180108
2017-06-26 23:00:00,0.09907539127575582
2017-06-27 00:00:00,0.06740923348633644
2017-06-27 01:00:00,0.05258059967430502
2017-06-27 02:00:00,0.0394277876218872
2017-06-27 03:00:00,0.8616661436519584
2017-06-27 04:00:00,0.8844145620708521
2017-06-27 05:00:00,0.4431772368136417
2017-06-27 06:00:00,-0.22535686076715986
2017-06-27 07:00:00,-0.44352950830579785
2017-06-27 08:00:00,-1.347291525884744
2017-06-27 09:00:00,-2.643655333143912
2017-06-27 10:00:00,-3.1619153133394993
2017-06-27 11:00:00,-3.518989338615038
2017-06-27 12:00:00,-3.895375749542403
2017-06-27 13:00:00,-4.1760590451311215
2017-06-27 14:00:00,-4.36680774809794
2017-06-27 15:00:00,-4.165089595613909
2017-06-27 16:00:00,-4.57680055946872
2017-06-27 17:00:00,-4.303321271203658
2017-06-27 18:00:00,-3.9985686733778407
2017-06-27 19:00:00,-2.543388933706514
2017-06-27 20:00:00,-1.4898919161978013
2017-06-27 21:00:00,-0.3493387451633314
2017-06-27 22:00:00,0.09423014076567213
2017-06-27 23:00:00,0.21401053652735874
2017-06-28 00:00:00,0.9658493090282386
2017-06-28 01:00:00,0.056864484659482864
2017-06-28 02:00:00,0.03979667540624891
2017-06-28 03:00:00,0.030823159452677912
2017-06-28 04:00:00,0.031040183986437278
2017-06-28 05:00:00,0.01877013280811957
2017-06-28 06:00:00,-0.09536191777377682
2017-06-28 07:00:00,-0.4983511386697056
2017-06-28 08:00:00,-1.3797734829880826
2017-06-28 09:00:00,-2.4386626455722458
2017-06-28 10:00:00,-2.9944629028011094
2017-06-28 11:00:00,-3.9659367318942174
2017-06-28 12:00:00,-4.2733718242054755
2017-06-28 13:00:00,-4.906425913244621
2017-06-28 14:00:00,-4.8162468204058095
2017-06-28 15:00:00,-5.227369456832671
2017-06-28 16:00:00,-4.600489262309468
2017-06-28 17:00:00,-4.237103522620262
2017-06-28 18:00:00,-2.9103176062821867
2017-06-28 19:00:00,-2.3620218529335055
2017-06-28 20:00:00,-1.450859271953833
2017-06-28 21:00:00,-0.2938499663102878
2017-06-28 22:00:00,0.1184315750816725
2017-06-28 23:00:00,1.118998656659815
2017-06-29 00:00:00,0.08642500566626327
2017-06-29 01:00:00,-0.6572507729542605
2017-06-29 02:00:00,0.032877507324643604
2017-06-29 03:00:00,0.04545400839199863
2017-06-29 04:00:00,0.25068158878432995
2017-06-29 05:00:00,0.03263648383950519
2017-06-29 06:00:00,-0.18767886062935454
2017-06-29 07:00:00,-0.4461805078789303
2017-06-29 08:00:00,-1.3804527964737312
2017-06-29 09:00:00,-2.277737113134964
2017-06-29 10:00:00,-3.1996283241818375
2017-06-29 11:00:00,-3.6003615973321574
2017-06-29 12:00:00,-3.4837159675016554
2017-06-29 13:00:00,-4.423053263996513
2017-06-29 14:00:00,-5.197061560539679
2017-06-29 15:00:00,-4.864946764213983
2017-06-29 16:00:00,-4.182123816804643
2017-06-29 17:00:00,-3.571449462911653
2017-06-29 18:00:00,-3.4066705316564545
2017-06-29 19:00:00,-2.588317667006771
2017-06-29 20:00:00,-1.5112335529845198
2017-06-29 21:00:00,-0.34627535207248233
2017-06-29 22:00:00,0.16802197755145581
2017-06-29 23:00:00,-0.125100877731461
2017-06-30 00:00:00,0.5127109153106302
2017-06-30 01:00:00,0.06845461822646508
2017-06-30 02:00:00,-0.022614926923662168
2017-06-30 03:00:00,0.04092242141583375
2017-06-30 04:00:00,0.6023817118172734
2017-06-30 05:00:00,0.061672918631905306
2017-06-30 06:00:00,-0.13284932249123294
2017-06-30 07:00:00,-0.42786744474157246
2017-06-30 08:00:00,-1.3056306043293255
2017-06-30 09:00:00,-2.1584101113611625
2017-06-30 10:00:00,-3.1314543111031727
2017-06-30 11:00:00,-3.815176923056767
2017-06-30 12:00:00,-4.367690891808156
2017-06-30 13:00:00,-4.612439396916323
2017-06-30 14:00:00,-5.012001807392336
2017-06-30 15:00:00,-4.833973498816305
2017-06-30 16:00:00,-3.8305781420513365
2017-06-30 17:00:00,-4.18270612372249
2017-06-30 18:00:00,-3.2741526022279097
2017-06-30 19:00:00,-2.596634387968584
2017-06-30 20:00:00,-1.3854076314360035
2017-06-30 21:00:00,-0.28633386087809864
2017-06-30 22:00:00,0.060341274508419945
2017-06-30 23:00:00,0.11549805003157516
2017-07-01 00:00:00,0.049101195109237036
2017-07-01 01:00:00,0.07853361828319354
2017-07-01 02:00:00,0.03588839289218836
2017-07-01 03:00:00,0.024982596606313866
2017-07-01 04:00:00,0.5199419253756707
2017-07-01 05:00:00,0.007604346822080232
2017-07-01 06:00:00,-0.07114775181357239
2017-07-01 07:00:00,-0.39211522489124684
2017-07-01 08:00:00,-1.2286335967023865
2017-07-01 09:00:00,-2.2478301789120594
2017-07-01 10:00:00,-3.386727569609319
2017-07-01 11:00:00,-3.9736383724990403
2017-07-01 12:00:00,-4.166349636919485
2017-07-01 13:00:00,-4.604390689122686
2017-07-01 14:00:00,-5.32850245226007
2017-07-01 15:00:00,-4.627788905248453
2017-07-01 16:00:00,-4.227353086369573
2017-07-01 17:00:00,-4.471265932773616
2017-07-01 18:00:00,-3.3760242052501237
2017-07-01 19:00:00,-2.3268756994528723
2017-07-01 20:00:00,-1.3337233058169713
2017-07-01 21:00:00,-0.2054602668540421
2017-07-01 22:00:00,0.10511678164336942
2017-07-01 23:00:00,0.07331016914168584
