cest_timestamp,param_0,param_1,Approximation-Integer
2017-05-01 00:00:00,0.0,0.11379082370699672,40
2017-05-01 01:00:00,0.0,0.09759414728574982,40
2017-05-01 02:00:00,0.0,0.08470433688127615,40
2017-05-01 03:00:00,0.0,0.10566159939652023,40
2017-05-01 04:00:00,0.0,0.10698508345967997,40
2017-05-01 05:00:00,0.0,0.09150129581156655,40
2017-05-01 06:00:00,0.0,0.07770840280720144,40
2017-05-01 07:00:00,0.0,0.24590111699397296,40
2017-05-01 08:00:00,0.0,0.6485113869598687,40
2017-05-01 09:00:00,0.0,1.1247923570966956,40
2017-05-01 10:00:00,0.0,1.7043831283261963,40
2017-05-01 11:00:00,0.0,2.0388233979863797,40
2017-05-01 12:00:00,0.0,2.1088769148341937,40
2017-05-01 13:00:00,0.0,2.4217175890051483,40
2017-05-01 14:00:00,0.0,2.7865809783242925,40
2017-05-01 15:00:00,0.0,2.6328859498569837,40
2017-05-01 16:00:00,0.0,2.2785577550555574,40
2017-05-01 17:00:00,0.0,2.568414218167238,40
2017-05-01 18:00:00,0.0,2.1153930969003825,40
2017-05-01 19:00:00,0.0,1.6445346578236422,40
2017-05-01 20:00:00,0.0,0.8733474789927349,40
2017-05-01 21:00:00,0.0,0.31257725311540047,40
2017-05-01 22:00:00,0.0,0.16376475766188908,40
2017-05-01 23:00:00,0.0,0.11198009871095975,40
2017-05-02 00:00:00,0.0,0.08898887308701765,40
2017-05-02 01:00:00,0.0,0.08969523583457828,40
2017-05-02 02:00:00,0.0,0.09673637336523162,40
2017-05-02 03:00:00,0.0,0.09629019975242266,40
2017-05-02 04:00:00,0.0,0.08887183314310752,40
2017-05-02 05:00:00,0.0,0.12327493529740462,40
2017-05-02 06:00:00,0.0,0.13147017399187375,40
2017-05-02 07:00:00,0.0,0.19904036036997333,40
2017-05-02 08:00:00,0.0,0.6514917906333516,40
2017-05-02 09:00:00,0.0,1.3774663008209462,40
2017-05-02 10:00:00,0.0,1.7273360901035797,40
2017-05-02 11:00:00,0.0,2.0145761420985786,40
2017-05-02 12:00:00,0.0,2.337824360682638,40
2017-05-02 13:00:00,0.0,2.6273263571138865,40
2017-05-02 14:00:00,0.0,2.817009069686861,40
2017-05-02 15:00:00,0.0,2.659920496778871,40
2017-05-02 16:00:00,0.0,2.8326471839098346,40
2017-05-02 17:00:00,0.0,2.5333273456976055,40
2017-05-02 18:00:00,0.0,1.9487122084488584,40
2017-05-02 19:00:00,0.0,1.791409241855737,40
2017-05-02 20:00:00,0.0,0.8933597359245457,40
2017-05-02 21:00:00,0.0,0.3629871609361737,40
2017-05-02 22:00:00,0.0,0.1428391257213239,40
2017-05-02 23:00:00,0.0,0.14527558602079413,40
2017-05-03 00:00:00,0.0,0.09038067527528258,40
2017-05-03 01:00:00,0.0,0.10273253359934185,40
2017-05-03 02:00:00,0.0,0.10334609499683088,40
2017-05-03 03:00:00,0.0,0.1041744266867012,40
2017-05-03 04:00:00,0.0,0.08889486598493403,40
2017-05-03 05:00:00,0.0,0.10767494123299165,40
2017-05-03 06:00:00,0.0,0.1370908913931162,40
2017-05-03 07:00:00,0.0,0.2722058958095928,40
2017-05-03 08:00:00,0.0,0.6821581426426335,40
2017-05-03 09:00:00,0.0,1.2828067150225255,40
2017-05-03 10:00:00,0.0,1.8140758306373908,40
2017-05-03 11:00:00,0.0,2.2535494140247794,40
2017-05-03 12:00:00,0.0,2.1966028594148144,40
2017-05-03 13:00:00,0.0,2.415435222580407,40
2017-05-03 14:00:00,0.0,2.47455419481961,40
2017-05-03 15:00:00,0.0,2.9007821937084914,40
2017-05-03 16:00:00,0.0,2.6828936031175568,40
2017-05-03 17:00:00,0.0,2.492604029536517,40
2017-05-03 18:00:00,0.0,2.1083493593018527,40
2017-05-03 19:00:00,0.0,1.8571868683859947,40
2017-05-03 20:00:00,0.0,1.0625334492937968,40
2017-05-03 21:00:00,0.0,0.3597752816938533,40
2017-05-03 22:00:00,0.0,0.1763100480994475,40
2017-05-03 23:00:00,0.0,0.17266567589898926,40
2017-05-04 00:00:00,0.0,0.1311020392523679,40
2017-05-04 01:00:00,0.0,0.10122176897249217,40
2017-05-04 02:00:00,0.0,0.11261453940122053,40
2017-05-04 03:00:00,0.0,0.10943156031201758,40
2017-05-04 04:00:00,0.0,0.10437729787931599,40
2017-05-04 05:00:00,0.0,0.11963303080489811,40
2017-05-04 06:00:00,0.0,0.11311343891930048,40
2017-05-04 07:00:00,0.0,0.26882465236244796,40
2017-05-04 08:00:00,0.0,0.6208214210502166,40
2017-05-04 09:00:00,0.0,1.128461950063034,40
2017-05-04 10:00:00,0.0,1.8795770372058378,40
2017-05-04 11:00:00,0.0,1.7636037113001621,40
2017-05-04 12:00:00,0.0,2.633977211629298,40
2017-05-04 13:00:00,0.0,2.6665465870125895,40
2017-05-04 14:00:00,0.0,2.8569618613262038,40
2017-05-04 15:00:00,0.0,2.648387777918,40
2017-05-04 16:00:00,0.0,2.671005355176877,40
2017-05-04 17:00:00,0.0,2.708801976048051,40
2017-05-04 18:00:00,0.0,2.2420148869376892,40
2017-05-04 19:00:00,0.0,1.6142191292266428,40
2017-05-04 20:00:00,0.0,0.8929654561706541,40
2017-05-04 21:00:00,0.0,0.43411139570340007,40
2017-05-04 22:00:00,0.0,0.21904815516124282,40
2017-05-04 23:00:00,0.0,0.20275896841102944,40
2017-05-05 00:00:00,0.0,0.098650507980594,40
2017-05-05 01:00:00,0.0,0.0927228309908219,40
2017-05-05 02:00:00,0.0,0.10821677023461448,40
2017-05-05 03:00:00,0.0,0.10115212427519822,40
2017-05-05 04:00:00,0.0,0.1138403229979691,40
2017-05-05 05:00:00,0.0,0.10630870446234861,40
2017-05-05 06:00:00,0.0,0.12283645597344024,40
2017-05-05 07:00:00,0.0,0.23238290497326533,40
2017-05-05 08:00:00,0.0,0.7468314296532013,40
2017-05-05 09:00:00,0.0,1.2681085551343965,40
2017-05-05 10:00:00,0.0,1.7619856347967005,40
2017-05-05 11:00:00,0.0,2.286840519033689,40
2017-05-05 12:00:00,0.0,2.284898143564251,40
2017-05-05 13:00:00,0.0,2.6376237403209473,40
2017-05-05 14:00:00,0.0,2.9703769868447587,40
2017-05-05 15:00:00,0.0,2.819697183144547,40
2017-05-05 16:00:00,0.0,2.918558984537646,40
2017-05-05 17:00:00,0.0,2.489885983901651,40
2017-05-05 18:00:00,0.0,1.969070679353562,40
2017-05-05 19:00:00,0.0,1.540275356410616,40
2017-05-05 20:00:00,0.0,1.0000534864008692,40
2017-05-05 21:00:00,0.0,0.4522949856364603,40
2017-05-05 22:00:00,0.0,0.1847554781818161,40
2017-05-05 23:00:00,0.0,0.14554290100597042,40
2017-05-06 00:00:00,0.0,0.1146546622484824,40
2017-05-06 01:00:00,0.0,0.10704380218581479,40
2017-05-06 02:00:00,0.0,0.08966543748064781,40
2017-05-06 03:00:00,0.0,0.1147016013936839,40
2017-05-06 04:00:00,0.0,0.10999797056114757,40
2017-05-06 05:00:00,0.0,0.125066560453577,40
2017-05-06 06:00:00,0.0,0.14560746275024888,40
2017-05-06 07:00:00,0.0,0.3396972470222562,40
2017-05-06 08:00:00,0.0,0.6465854854527763,40
2017-05-06 09:00:00,0.0,1.2693460397021639,40
2017-05-06 10:00:00,0.0,1.8274156051422141,40
2017-05-06 11:00:00,0.0,2.252115352536189,40
2017-05-06 12:00:00,0.0,2.4932396004490465,40
2017-05-06 13:00:00,0.0,2.623017553367832,40
2017-05-06 14:00:00,0.0,2.862585475483715,40
2017-05-06 15:00:00,0.0,2.990267835923058,40
2017-05-06 16:00:00,0.0,2.5481358041098603,40
2017-05-06 17:00:00,0.0,2.5834382781808616,40
2017-05-06 18:00:00,0.0,2.418068263207263,40
2017-05-06 19:00:00,0.0,1.6360975167437708,40
2017-05-06 20:00:00,0.0,1.1699087233841152,40
2017-05-06 21:00:00,0.0,0.4448360048138151,40
2017-05-06 22:00:00,0.0,0.22711741791394158,40
2017-05-06 23:00:00,0.0,0.20076341382088203,40
2017-05-07 00:00:00,0.0,0.10428822523839416,40
2017-05-07 01:00:00,0.0,0.10149156032270658,40
2017-05-07 02:00:00,0.0,0.11332703860913845,40
2017-05-07 03:00:00,0.0,0.09828121117313958,40
2017-05-07 04:00:00,0.0,0.15998540472942463,40
2017-05-07 05:00:00,0.0,0.12571236486024187,40
2017-05-07 06:00:00,0.0,0.16769348725149685,40
2017-05-07 07:00:00,0.0,0.24972687849834765,40
2017-05-07 08:00:00,0.0,0.6659632661330487,40
2017-05-07 09:00:00,0.0,1.2194858632545207,40
2017-05-07 10:00:00,0.0,1.867050536879743,40
2017-05-07 11:00:00,0.0,2.5575655320066724,40
2017-05-07 12:00:00,0.0,2.290597267986557,40
2017-05-07 13:00:00,0.0,2.6253750467804116,40
2017-05-07 14:00:00,0.0,2.871277833931962,40
2017-05-07 15:00:00,0.0,3.1940103785079175,40
2017-05-07 16:00:00,0.0,2.817279169908045,40
2017-05-07 17:00:00,0.0,2.4954309088118434,40
2017-05-07 18:00:00,0.0,2.133467573744352,40
2017-05-07 19:00:00,0.0,1.5747607639260353,40
2017-05-07 20:00:00,0.0,1.045034938171439,40
2017-05-07 21:00:00,0.0,0.38102441936349407,40
2017-05-07 22:00:00,0.0,0.2640690241979794,40
2017-05-07 23:00:00,0.0,0.1633785054372855,40
2017-05-08 00:00:00,0.0,0.09937555081506101,40
2017-05-08 01:00:00,0.0,0.09420412157375115,40
2017-05-08 02:00:00,0.0,0.07968485394566374,40
2017-05-08 03:00:00,0.0,0.0898198417149796,40
2017-05-08 04:00:00,0.0,0.0722331461010961,40
2017-05-08 05:00:00,0.0,0.11808240526760222,40
2017-05-08 06:00:00,0.0,0.12878652794149464,40
2017-05-08 07:00:00,0.0,0.1947342259861557,40
2017-05-08 08:00:00,0.0,0.7137661377788498,40
2017-05-08 09:00:00,0.0,1.3947395964544318,40
2017-05-08 10:00:00,0.0,1.9352183234610545,40
2017-05-08 11:00:00,0.0,2.2125796034883556,40
2017-05-08 12:00:00,0.0,2.4977317780260657,40
2017-05-08 13:00:00,0.0,2.4994770379360007,40
2017-05-08 14:00:00,0.0,2.7297680073203474,40
2017-05-08 15:00:00,0.0,2.329018129850174,40
2017-05-08 16:00:00,0.0,2.5697204947881445,40
2017-05-08 17:00:00,0.0,2.4597345526276873,40
2017-05-08 18:00:00,0.0,2.205377664300467,40
2017-05-08 19:00:00,0.0,1.7710739365214265,40
2017-05-08 20:00:00,0.0,1.0460943733807435,40
2017-05-08 21:00:00,0.0,0.428872224606212,40
2017-05-08 22:00:00,0.0,0.14268408630948762,40
2017-05-08 23:00:00,0.0,0.11040450463369775,40
2017-05-09 00:00:00,0.0,0.09566542884266016,40
2017-05-09 01:00:00,0.0,0.10710130862041839,40
2017-05-09 02:00:00,0.0,0.08649355815657608,40
2017-05-09 03:00:00,0.0,0.08283070593394175,40
2017-05-09 04:00:00,0.0,0.09197550586994152,40
2017-05-09 05:00:00,0.0,0.08933388729149123,40
2017-05-09 06:00:00,0.0,0.09555032125263335,40
2017-05-09 07:00:00,0.0,0.22804377146154484,40
2017-05-09 08:00:00,0.0,0.6010360864411007,40
2017-05-09 09:00:00,0.0,1.3923544850148346,40
2017-05-09 10:00:00,0.0,1.6342991981090378,40
2017-05-09 11:00:00,0.0,2.1648067841778045,40
2017-05-09 12:00:00,0.0,2.3915321221710903,40
2017-05-09 13:00:00,0.0,2.4936443150179537,40
2017-05-09 14:00:00,0.0,2.7634126097760983,40
2017-05-09 15:00:00,0.0,2.5457575826405643,40
2017-05-09 16:00:00,0.0,2.6442440912413883,40
2017-05-09 17:00:00,0.0,2.4304138752942728,40
2017-05-09 18:00:00,0.0,2.071539699589261,40
2017-05-09 19:00:00,0.0,1.9959133477440327,40
2017-05-09 20:00:00,0.0,1.0299700495390038,40
2017-05-09 21:00:00,0.0,0.3821566215868659,40
2017-05-09 22:00:00,0.0,0.14297534769723,40
2017-05-09 23:00:00,0.0,0.12424704903207844,40
2017-05-10 00:00:00,0.0,0.0938898023832494,40
2017-05-10 01:00:00,0.0,0.10450294040621798,40
2017-05-10 02:00:00,0.0,0.09059874129312152,40
2017-05-10 03:00:00,0.0,0.1055704223408877,40
2017-05-10 04:00:00,0.0,0.10790125111911679,40
2017-05-10 05:00:00,0.0,0.1303097805229013,40
2017-05-10 06:00:00,0.0,0.10662135719114939,40
2017-05-10 07:00:00,0.0,0.3009592710615278,40
2017-05-10 08:00:00,0.0,0.6209613532871844,40
2017-05-10 09:00:00,0.0,1.268241773750637,40
2017-05-10 10:00:00,0.0,1.451091297585167,40
2017-05-10 11:00:00,0.0,2.013299319399094,40
2017-05-10 12:00:00,0.0,2.334963169616917,40
2017-05-10 13:00:00,0.0,2.595041877887692,40
2017-05-10 14:00:00,0.0,2.8538069545754587,40
2017-05-10 15:00:00,0.0,2.610204678051011,40
2017-05-10 16:00:00,0.0,2.6596218801151292,40
2017-05-10 17:00:00,0.0,2.4008628398358143,40
2017-05-10 18:00:00,0.0,1.995303330990512,40
2017-05-10 19:00:00,0.0,1.6253495354601917,40
2017-05-10 20:00:00,0.0,1.1067168800806508,40
2017-05-10 21:00:00,0.0,0.4253213451019151,40
2017-05-10 22:00:00,0.0,0.2514227691345174,40
2017-05-10 23:00:00,0.0,0.13631789231168737,40
2017-05-11 00:00:00,0.0,0.0943444753555628,40
2017-05-11 01:00:00,0.0,0.10286573096758345,40
2017-05-11 02:00:00,0.0,0.09268525224738133,40
2017-05-11 03:00:00,0.0,0.08837719188033802,40
2017-05-11 04:00:00,0.0,0.09852942717902638,40
2017-05-11 05:00:00,0.0,0.12055402921039816,40
2017-05-11 06:00:00,0.0,0.14344295743297064,40
2017-05-11 07:00:00,0.0,0.25384052193455336,40
2017-05-11 08:00:00,0.0,0.5846439669272473,40
2017-05-11 09:00:00,0.0,1.219242568576158,40
2017-05-11 10:00:00,0.0,1.7146058546213891,40
2017-05-11 11:00:00,0.0,2.1722329870283517,40
2017-05-11 12:00:00,0.0,2.161416213763913,40
2017-05-11 13:00:00,0.0,2.5675689045884575,40
2017-05-11 14:00:00,0.0,2.8984046377372423,40
2017-05-11 15:00:00,0.0,2.4810967590576225,40
2017-05-11 16:00:00,0.0,2.413790209330989,40
2017-05-11 17:00:00,0.0,2.424287878587125,40
2017-05-11 18:00:00,0.0,2.358234887444654,40
2017-05-11 19:00:00,0.0,1.7172996686209072,40
2017-05-11 20:00:00,0.0,0.9006866417982573,40
2017-05-11 21:00:00,0.0,0.45546608723066634,40
2017-05-11 22:00:00,0.0,0.165194697877408,40
2017-05-11 23:00:00,0.0,0.16885101958684015,40
2017-05-12 00:00:00,0.0,0.11253299120040657,40
2017-05-12 01:00:00,0.0,0.08588807389626543,40
2017-05-12 02:00:00,0.0,0.10498873152130848,40
2017-05-12 03:00:00,0.0,0.10496035393522699,40
2017-05-12 04:00:00,0.0,0.10129223193898021,40
2017-05-12 05:00:00,0.0,0.10735962467934475,40
2017-05-12 06:00:00,0.0,0.12499270437008224,40
2017-05-12 07:00:00,0.0,0.21827198993245858,40
2017-05-12 08:00:00,0.0,0.65289850600282,40
2017-05-12 09:00:00,0.0,1.0626758768459135,40
2017-05-12 10:00:00,0.0,1.577180379737614,40
2017-05-12 11:00:00,0.0,2.2499532102258772,40
2017-05-12 12:00:00,0.0,2.4173732884386823,40
2017-05-12 13:00:00,0.0,2.430333946165261,40
2017-05-12 14:00:00,0.0,2.4274695627703835,40
2017-05-12 15:00:00,0.0,2.8020445198110573,40
2017-05-12 16:00:00,0.0,2.4784165881117706,40
2017-05-12 17:00:00,0.0,2.4375123567720944,40
2017-05-12 18:00:00,0.0,2.2296937402470927,40
2017-05-12 19:00:00,0.0,1.476113839313108,40
2017-05-12 20:00:00,0.0,1.0867071604545215,40
2017-05-12 21:00:00,0.0,0.4321810505046286,40
2017-05-12 22:00:00,0.0,0.18550164096317268,40
2017-05-12 23:00:00,0.0,0.1789569723919166,40
2017-05-13 00:00:00,0.0,0.10633746656620878,40
2017-05-13 01:00:00,0.0,0.11293104086726126,40
2017-05-13 02:00:00,0.0,0.0981572106671113,40
2017-05-13 03:00:00,0.0,0.12125945780810934,40
2017-05-13 04:00:00,0.0,0.09135864785897929,40
2017-05-13 05:00:00,0.0,0.14336194050476045,40
2017-05-13 06:00:00,0.0,0.12360105216345613,40
2017-05-13 07:00:00,0.0,0.2677806211557592,40
2017-05-13 08:00:00,0.0,0.7158063865309203,40
2017-05-13 09:00:00,0.0,1.302009857837661,40
2017-05-13 10:00:00,0.0,1.8462502010448545,40
2017-05-13 11:00:00,0.0,2.120255508004311,40
2017-05-13 12:00:00,0.0,2.321163223290688,40
2017-05-13 13:00:00,0.0,2.4426204913274043,40
2017-05-13 14:00:00,0.0,2.6863136929648963,40
2017-05-13 15:00:00,0.0,2.876060892688967,40
2017-05-13 16:00:00,0.0,2.6605289864508883,40
2017-05-13 17:00:00,0.0,2.4782786145024533,40
2017-05-13 18:00:00,0.0,2.021831689153443,40
2017-05-13 19:00:00,0.0,1.5841731141506046,40
2017-05-13 20:00:00,0.0,1.068293920189092,40
2017-05-13 21:00:00,0.0,0.35899139282495784,40
2017-05-13 22:00:00,0.0,0.22862423140747223,40
2017-05-13 23:00:00,0.0,0.16300578602356686,40
2017-05-14 00:00:00,0.0,0.12055706063420872,40
2017-05-14 01:00:00,0.0,0.1391089617602267,40
2017-05-14 02:00:00,0.0,0.08502537814903778,40
2017-05-14 03:00:00,0.0,0.12402372071695986,40
2017-05-14 04:00:00,0.0,0.11703513019294898,40
2017-05-14 05:00:00,0.0,0.11671165925370197,40
2017-05-14 06:00:00,0.0,0.1460415421010335,40
2017-05-14 07:00:00,0.0,0.26414938291821144,40
2017-05-14 08:00:00,0.0,0.7472522825808074,40
2017-05-14 09:00:00,0.0,1.1273809975112004,40
2017-05-14 10:00:00,0.0,1.8190816006355541,40
2017-05-14 11:00:00,0.0,2.221775445700718,40
2017-05-14 12:00:00,0.0,2.306789131474285,40
2017-05-14 13:00:00,0.0,2.555484763816325,40
2017-05-14 14:00:00,0.0,2.719124253713776,40
2017-05-14 15:00:00,0.0,2.6136040171557906,40
2017-05-14 16:00:00,0.0,2.6702366469402445,40
2017-05-14 17:00:00,0.0,2.3240959094888245,40
2017-05-14 18:00:00,0.0,2.1531363443279052,40
2017-05-14 19:00:00,0.0,1.6947627089473336,40
2017-05-14 20:00:00,0.0,1.085031025459843,40
2017-05-14 21:00:00,0.0,0.3978669684211754,40
2017-05-14 22:00:00,0.0,0.19835797021941173,40
2017-05-14 23:00:00,0.0,0.17483665754966862,40
2017-05-15 00:00:00,0.0,0.09375744549032952,40
2017-05-15 01:00:00,0.0,0.0843763083154473,40
2017-05-15 02:00:00,0.0,0.09813492912859945,40
2017-05-15 03:00:00,0.0,0.09781622900550163,40
2017-05-15 04:00:00,0.0,0.08694069239312445,40
2017-05-15 05:00:00,0.0,0.10436474865594933,40
2017-05-15 06:00:00,0.0,0.1189470733855892,40
2017-05-15 07:00:00,0.0,0.2416757349918444,40
2017-05-15 08:00:00,0.0,0.6406840465892628,40
2017-05-15 09:00:00,0.0,1.0936667245297633,40
2017-05-15 10:00:00,0.0,1.4612214253154674,40
2017-05-15 11:00:00,0.0,2.108971035613547,40
2017-05-15 12:00:00,0.0,2.6718922723204592,40
2017-05-15 13:00:00,0.0,2.7149165880530695,40
2017-05-15 14:00:00,0.0,2.743735392445283,40
2017-05-15 15:00:00,0.0,2.744406992691855,40
2017-05-15 16:00:00,0.0,2.4707119958408854,40
2017-05-15 17:00:00,0.0,2.427539409102741,40
2017-05-15 18:00:00,0.0,2.2292556525632645,40
2017-05-15 19:00:00,0.0,1.889921993424262,40
2017-05-15 20:00:00,0.0,1.0708768596807703,40
2017-05-15 21:00:00,0.0,0.44337733506616783,40
2017-05-15 22:00:00,0.0,0.15508114922919933,40
2017-05-15 23:00:00,0.0,0.12766183814482956,40
2017-05-16 00:00:00,0.0,0.08193318611276866,40
2017-05-16 01:00:00,0.0,0.08092057708592479,40
2017-05-16 02:00:00,0.0,0.08978572647625421,40
2017-05-16 03:00:00,0.0,0.0854122932413022,40
2017-05-16 04:00:00,0.0,0.09732579446575916,40
2017-05-16 05:00:00,0.0,0.096957320270984,40
2017-05-16 06:00:00,0.0,0.13340383322565244,40
2017-05-16 07:00:00,0.0,0.17013978373379243,40
2017-05-16 08:00:00,0.0,0.49241653047618056,40
2017-05-16 09:00:00,0.0,1.4056621734934842,40
2017-05-16 10:00:00,0.0,2.0640550993489306,40
2017-05-16 11:00:00,0.0,2.1572873681484697,40
2017-05-16 12:00:00,0.0,2.5113876520234206,40
2017-05-16 13:00:00,0.0,2.8456704170104894,40
2017-05-16 14:00:00,0.0,2.5800367495688095,40
2017-05-16 15:00:00,0.0,2.869635004802773,40
2017-05-16 16:00:00,0.0,2.8594075445183487,40
2017-05-16 17:00:00,0.0,2.4134143303526523,40
2017-05-16 18:00:00,0.0,2.501693674299557,40
2017-05-16 19:00:00,0.0,1.753365211867587,40
2017-05-16 20:00:00,0.0,1.0568470170002002,40
2017-05-16 21:00:00,0.0,0.5001428693432256,40
2017-05-16 22:00:00,0.0,0.21798101721692614,40
2017-05-16 23:00:00,0.0,0.11987548479888661,40
2017-05-17 00:00:00,0.0,0.09314889257739294,40
2017-05-17 01:00:00,0.0,0.07431643336215323,40
2017-05-17 02:00:00,0.0,0.08857844991273223,40
2017-05-17 03:00:00,0.0,0.1031807728492639,40
2017-05-17 04:00:00,0.0,0.09326840581341922,40
2017-05-17 05:00:00,0.0,0.09697970567430796,40
2017-05-17 06:00:00,0.0,0.1581667513711367,40
2017-05-17 07:00:00,0.0,0.2633411888543512,40
2017-05-17 08:00:00,0.0,0.6813035445669546,40
2017-05-17 09:00:00,0.0,1.1825180698017999,40
2017-05-17 10:00:00,0.0,1.683477368360187,40
2017-05-17 11:00:00,0.0,2.411886981693378,40
2017-05-17 12:00:00,0.0,2.0728167327653035,40
2017-05-17 13:00:00,0.0,2.4486994099444734,40
2017-05-17 14:00:00,0.0,2.6364188627134175,40
2017-05-17 15:00:00,0.0,2.442009807581157,40
2017-05-17 16:00:00,0.0,2.77967178503525,40
2017-05-17 17:00:00,0.0,2.5722738225687,40
2017-05-17 18:00:00,0.0,2.0016169554901597,40
2017-05-17 19:00:00,0.0,1.7333878623601324,40
2017-05-17 20:00:00,0.0,1.16573146283802,40
2017-05-17 21:00:00,0.0,0.4877716212954403,40
2017-05-17 22:00:00,0.0,0.22363236556547655,40
2017-05-17 23:00:00,0.0,0.15596003715534512,40
2017-05-18 00:00:00,0.0,0.10224278406479524,40
2017-05-18 01:00:00,0.0,0.10319555502578677,40
2017-05-18 02:00:00,0.0,0.0918949230539552,40
2017-05-18 03:00:00,0.0,0.10248330278624161,40
2017-05-18 04:00:00,0.0,0.10604800077349784,40
2017-05-18 05:00:00,0.0,0.1042585526143745,40
2017-05-18 06:00:00,0.0,0.11768759079520008,40
2017-05-18 07:00:00,0.0,0.2498461740869081,40
2017-05-18 08:00:00,0.0,0.7042154409463817,40
2017-05-18 09:00:00,0.0,1.2366211460077063,40
2017-05-18 10:00:00,0.0,1.599672928056543,40
2017-05-18 11:00:00,0.0,1.851698001899216,40
2017-05-18 12:00:00,0.0,2.391282758954802,40
2017-05-18 13:00:00,0.0,2.7045559246651116,40
2017-05-18 14:00:00,0.0,2.829232810028526,40
2017-05-18 15:00:00,0.0,2.4921539837284543,40
2017-05-18 16:00:00,0.0,3.0378248450127447,40
2017-05-18 17:00:00,0.0,2.4527603717293975,40
2017-05-18 18:00:00,0.0,1.9691058769442014,40
2017-05-18 19:00:00,0.0,1.672535769405085,40
2017-05-18 20:00:00,0.0,1.06131899264113,40
2017-05-18 21:00:00,0.0,0.4441704849741057,40
2017-05-18 22:00:00,0.0,0.22114888080996398,40
2017-05-18 23:00:00,0.0,0.1602003362013925,40
2017-05-19 00:00:00,0.0,0.08728400444853046,40
2017-05-19 01:00:00,0.0,0.11659140089092036,40
2017-05-19 02:00:00,0.0,0.10412251216719628,40
2017-05-19 03:00:00,0.0,0.1047900002019748,40
2017-05-19 04:00:00,0.0,0.10351080586794655,40
2017-05-19 05:00:00,0.0,0.12722946810677832,40
2017-05-19 06:00:00,0.0,0.1648927406944076,40
2017-05-19 07:00:00,0.0,0.23412234480127941,40
2017-05-19 08:00:00,0.0,0.7519829653859618,40
2017-05-19 09:00:00,0.0,1.2817869312870454,40
2017-05-19 10:00:00,0.0,1.698720297779491,40
2017-05-19 11:00:00,0.0,2.1510761786710373,40
2017-05-19 12:00:00,0.0,2.3350596728353095,40
2017-05-19 13:00:00,0.0,2.8511451535336474,40
2017-05-19 14:00:00,0.0,3.0279209502419806,40
2017-05-19 15:00:00,0.0,2.8834459733740436,40
2017-05-19 16:00:00,0.0,2.9975826377191646,40
2017-05-19 17:00:00,0.0,2.3758848046223795,40
2017-05-19 18:00:00,0.0,2.3511279312615785,40
2017-05-19 19:00:00,0.0,1.802259568256599,40
2017-05-19 20:00:00,0.0,1.067684319281334,40
2017-05-19 21:00:00,0.0,0.4447340581092576,40
2017-05-19 22:00:00,0.0,0.20484846960341235,40
2017-05-19 23:00:00,0.0,0.14938327378008934,40
2017-05-20 00:00:00,0.0,0.12912075586032226,40
2017-05-20 01:00:00,0.0,0.12565802187412659,40
2017-05-20 02:00:00,0.0,0.10059236805337417,40
2017-05-20 03:00:00,0.0,0.09896094912515409,40
2017-05-20 04:00:00,0.0,0.13968108264459816,40
2017-05-20 05:00:00,0.0,0.09705073851868089,40
2017-05-20 06:00:00,0.0,0.15573428001065254,40
2017-05-20 07:00:00,0.0,0.26247538349692134,40
2017-05-20 08:00:00,0.0,0.5713235604124264,40
2017-05-20 09:00:00,0.0,0.9780465381253246,40
2017-05-20 10:00:00,0.0,1.7758036420848782,40
2017-05-20 11:00:00,0.0,2.269823278370976,40
2017-05-20 12:00:00,0.0,2.5771902797507673,40
2017-05-20 13:00:00,0.0,2.8654346768708487,40
2017-05-20 14:00:00,0.0,2.8048042400396906,40
2017-05-20 15:00:00,0.0,2.768625675392994,40
2017-05-20 16:00:00,0.0,2.423153596917919,40
2017-05-20 17:00:00,0.0,2.424894596096281,40
2017-05-20 18:00:00,0.0,2.349874842888746,40
2017-05-20 19:00:00,0.0,1.3153140648686503,40
2017-05-20 20:00:00,0.0,1.0840161919027471,40
2017-05-20 21:00:00,0.0,0.43263042091284204,40
2017-05-20 22:00:00,0.0,0.1293265374739447,40
2017-05-20 23:00:00,0.0,0.1692638325683859,40
2017-05-21 00:00:00,0.0,0.10876101512923736,40
2017-05-21 01:00:00,0.0,0.10730100973324976,40
2017-05-21 02:00:00,0.0,0.10774099314003814,40
2017-05-21 03:00:00,0.0,0.10988636385042203,40
2017-05-21 04:00:00,0.0,0.11176600394420738,40
2017-05-21 05:00:00,0.0,0.11523874815272386,40
2017-05-21 06:00:00,0.0,0.1470952152561554,40
2017-05-21 07:00:00,0.0,0.3042403596566391,40
2017-05-21 08:00:00,0.0,0.7173083048846984,40
2017-05-21 09:00:00,0.0,1.2266863957066423,40
2017-05-21 10:00:00,0.0,1.9287827331591434,40
2017-05-21 11:00:00,0.0,2.083102222317923,40
2017-05-21 12:00:00,0.0,2.3268943782894764,40
2017-05-21 13:00:00,0.0,2.5954793587911444,40
2017-05-21 14:00:00,0.0,2.9605474755397463,40
2017-05-21 15:00:00,0.0,2.754311191634007,40
2017-05-21 16:00:00,0.0,2.7687063697328425,40
2017-05-21 17:00:00,0.0,2.742875934366103,40
2017-05-21 18:00:00,0.0,1.9786047609394655,40
2017-05-21 19:00:00,0.0,1.6049732401953571,40
2017-05-21 20:00:00,0.0,0.9135639848499306,40
2017-05-21 21:00:00,0.0,0.40431514310556416,40
2017-05-21 22:00:00,0.0,0.17859872361138268,40
2017-05-21 23:00:00,0.0,0.19677524976407756,40
2017-05-22 00:00:00,0.0,0.08721919986764574,40
2017-05-22 01:00:00,0.0,0.09936456204053629,40
2017-05-22 02:00:00,0.0,0.08992947599967906,40
2017-05-22 03:00:00,0.0,0.1356177013885983,40
2017-05-22 04:00:00,0.0,0.09496362268490803,40
2017-05-22 05:00:00,0.0,0.11400043035694497,40
2017-05-22 06:00:00,0.0,0.14479844969509606,40
2017-05-22 07:00:00,0.0,0.20178200710504046,40
2017-05-22 08:00:00,0.0,0.6742690067452117,40
2017-05-22 09:00:00,0.0,1.362579731367225,40
2017-05-22 10:00:00,0.0,1.831808117433687,40
2017-05-22 11:00:00,0.0,2.122508410356603,40
2017-05-22 12:00:00,0.0,2.1651986236954204,40
2017-05-22 13:00:00,0.0,2.7761784694713527,40
2017-05-22 14:00:00,0.0,2.562577963760471,40
2017-05-22 15:00:00,0.0,2.8914453718754407,40
2017-05-22 16:00:00,0.0,3.035985400923303,40
2017-05-22 17:00:00,0.0,2.109555482140404,40
2017-05-22 18:00:00,0.0,2.2229606905283688,40
2017-05-22 19:00:00,0.0,1.701677043482271,40
2017-05-22 20:00:00,0.0,1.0842926087582434,40
2017-05-22 21:00:00,0.0,0.4697480374778526,40
2017-05-22 22:00:00,0.0,0.1508383100592675,40
2017-05-22 23:00:00,0.0,0.1274712862941777,40
2017-05-23 00:00:00,0.0,0.10030269134197504,40
2017-05-23 01:00:00,0.0,0.10360463593017524,40
2017-05-23 02:00:00,0.0,0.09977854724522718,40
2017-05-23 03:00:00,0.0,0.10520056352977925,40
2017-05-23 04:00:00,0.0,0.10292542693623039,40
2017-05-23 05:00:00,0.0,0.09793810383979418,40
2017-05-23 06:00:00,0.0,0.14797773637429615,40
2017-05-23 07:00:00,0.0,0.19325219190545814,40
2017-05-23 08:00:00,0.0,0.5981744456751964,40
2017-05-23 09:00:00,0.0,1.1635438324918252,40
2017-05-23 10:00:00,0.0,1.746440214024266,40
2017-05-23 11:00:00,0.0,1.8962792164775033,40
2017-05-23 12:00:00,0.0,2.20677948837537,40
2017-05-23 13:00:00,0.0,2.651989753636026,40
2017-05-23 14:00:00,0.0,2.583925365968372,40
2017-05-23 15:00:00,0.0,2.9695192976313853,40
2017-05-23 16:00:00,0.0,2.6115268688035123,40
2017-05-23 17:00:00,0.0,2.6647610468443848,40
2017-05-23 18:00:00,0.0,2.070455141621535,40
2017-05-23 19:00:00,0.0,1.5731464116099114,40
2017-05-23 20:00:00,0.0,1.0540087542816832,40
2017-05-23 21:00:00,0.0,0.4457731683795702,40
2017-05-23 22:00:00,0.0,0.18097124519973193,40
2017-05-23 23:00:00,0.0,0.12700566356242518,40
2017-05-24 00:00:00,0.0,0.09084345956829436,40
2017-05-24 01:00:00,0.0,0.09371349438992764,40
2017-05-24 02:00:00,0.0,0.08906774632095167,40
2017-05-24 03:00:00,0.0,0.09043778913188161,40
2017-05-24 04:00:00,0.0,0.1092062469525654,40
2017-05-24 05:00:00,0.0,0.11240390257009773,40
2017-05-24 06:00:00,0.0,0.1463487481323084,40
2017-05-24 07:00:00,0.0,0.23159816823808724,40
2017-05-24 08:00:00,0.0,0.7919722670838291,40
2017-05-24 09:00:00,0.0,1.328650357138043,40
2017-05-24 10:00:00,0.0,1.7260069183691398,40
2017-05-24 11:00:00,0.0,2.0990029202309124,40
2017-05-24 12:00:00,0.0,2.4870059483604385,40
2017-05-24 13:00:00,0.0,2.422467347931596,40
2017-05-24 14:00:00,0.0,2.7712154240758378,40
2017-05-24 15:00:00,0.0,2.694657004129168,40
2017-05-24 16:00:00,0.0,2.4777983348680803,40
2017-05-24 17:00:00,0.0,2.6981067520370456,40
2017-05-24 18:00:00,0.0,2.3289017959688163,40
2017-05-24 19:00:00,0.0,1.693167780319397,40
2017-05-24 20:00:00,0.0,1.081344036875577,40
2017-05-24 21:00:00,0.0,0.3887848171634012,40
2017-05-24 22:00:00,0.0,0.20210639967481692,40
2017-05-24 23:00:00,0.0,0.15661514022627288,40
2017-05-25 00:00:00,0.0,0.08118763534978503,40
2017-05-25 01:00:00,0.0,0.0967734727705234,40
2017-05-25 02:00:00,0.0,0.09383907600551727,40
2017-05-25 03:00:00,0.0,0.07687312064467616,40
2017-05-25 04:00:00,0.0,0.09967553804351939,40
2017-05-25 05:00:00,0.0,0.12437989708577353,40
2017-05-25 06:00:00,0.0,0.1442552205651659,40
2017-05-25 07:00:00,0.0,0.2794810864455366,40
2017-05-25 08:00:00,0.0,0.6609485786024571,40
2017-05-25 09:00:00,0.0,1.280255839709677,40
2017-05-25 10:00:00,0.0,1.9140963029847533,40
2017-05-25 11:00:00,0.0,2.164338247643301,40
2017-05-25 12:00:00,0.0,2.4734263138216734,40
2017-05-25 13:00:00,0.0,2.6151028142363444,40
2017-05-25 14:00:00,0.0,2.801644861945494,40
2017-05-25 15:00:00,0.0,2.2529770901972026,40
2017-05-25 16:00:00,0.0,2.460683515166839,40
2017-05-25 17:00:00,0.0,2.321932301689378,40
2017-05-25 18:00:00,0.0,2.084869390113043,40
2017-05-25 19:00:00,0.0,1.773709527963819,40
2017-05-25 20:00:00,0.0,0.9666373658457215,40
2017-05-25 21:00:00,0.0,0.4135488498204196,40
2017-05-25 22:00:00,0.0,0.2192944443598515,40
2017-05-25 23:00:00,0.0,0.16190329386623217,40
2017-05-26 00:00:00,0.0,0.0873614429599853,40
2017-05-26 01:00:00,0.0,0.09802621471825222,40
2017-05-26 02:00:00,0.0,0.10775965646178123,40
2017-05-26 03:00:00,0.0,0.10948552932156215,40
2017-05-26 04:00:00,0.0,0.11216209002470787,40
2017-05-26 05:00:00,0.0,0.12539726533949466,40
2017-05-26 06:00:00,0.0,0.15612971394793704,40
2017-05-26 07:00:00,0.0,0.2674970144358379,40
2017-05-26 08:00:00,0.0,0.6435866153186754,40
2017-05-26 09:00:00,0.0,1.2393653360414818,40
2017-05-26 10:00:00,0.0,1.5370255093674388,40
2017-05-26 11:00:00,0.0,2.512258751621677,40
2017-05-26 12:00:00,0.0,2.1947912912799517,40
2017-05-26 13:00:00,0.0,2.604367932378747,40
2017-05-26 14:00:00,0.0,2.7443704310218067,40
2017-05-26 15:00:00,0.0,2.681489254205763,40
2017-05-26 16:00:00,0.0,2.636370871095178,40
2017-05-26 17:00:00,0.0,2.291350380619784,40
2017-05-26 18:00:00,0.0,2.2886503078473246,40
2017-05-26 19:00:00,0.0,1.5377392973121569,40
2017-05-26 20:00:00,0.0,1.2775654649681765,40
2017-05-26 21:00:00,0.0,0.4174613841253018,40
2017-05-26 22:00:00,0.0,0.2566797162033271,40
2017-05-26 23:00:00,0.0,0.16312289597230847,40
2017-05-27 00:00:00,0.0,0.12185786647497723,40
2017-05-27 01:00:00,0.0,0.10839086921100162,40
2017-05-27 02:00:00,0.0,0.12555253331014074,40
2017-05-27 03:00:00,0.0,0.11245825976640002,40
2017-05-27 04:00:00,0.0,0.09171849288492089,40
2017-05-27 05:00:00,0.0,0.11305525164220134,40
2017-05-27 06:00:00,0.0,0.10254188399593679,40
2017-05-27 07:00:00,0.0,0.235257423247689,40
2017-05-27 08:00:00,0.0,0.7176399518543285,40
2017-05-27 09:00:00,0.0,1.2870879633433885,40
2017-05-27 10:00:00,0.0,1.8970216671678255,40
2017-05-27 11:00:00,0.0,2.02053141679852,40
2017-05-27 12:00:00,0.0,2.4517392656030434,40
2017-05-27 13:00:00,0.0,2.4174835136111983,40
2017-05-27 14:00:00,0.0,2.7992256923289585,40
2017-05-27 15:00:00,0.0,2.801211127896258,40
2017-05-27 16:00:00,0.0,2.6134819068481137,40
2017-05-27 17:00:00,0.0,2.6708438085936743,40
2017-05-27 18:00:00,0.0,2.315116239396931,40
2017-05-27 19:00:00,0.0,1.6319516691921094,40
2017-05-27 20:00:00,0.0,0.983929145832805,40
2017-05-27 21:00:00,0.0,0.4086033553400455,40
2017-05-27 22:00:00,0.0,0.25106274062558986,40
2017-05-27 23:00:00,0.0,0.18544491161554674,40
2017-05-28 00:00:00,0.0,0.09793251616861766,40
2017-05-28 01:00:00,0.0,0.13744074628356898,40
2017-05-28 02:00:00,0.0,0.1041890861155719,40
2017-05-28 03:00:00,0.0,0.11112854882990914,40
2017-05-28 04:00:00,0.0,0.14738247892346543,40
2017-05-28 05:00:00,0.0,0.1507643648629075,40
2017-05-28 06:00:00,0.0,0.15435170600645925,40
2017-05-28 07:00:00,0.0,0.28280933193164,40
2017-05-28 08:00:00,0.0,0.6386131267582646,40
2017-05-28 09:00:00,0.0,1.1442029355319805,40
2017-05-28 10:00:00,0.0,1.808235459601072,40
2017-05-28 11:00:00,0.0,2.210537093202018,40
2017-05-28 12:00:00,0.0,2.383782931184144,40
2017-05-28 13:00:00,0.0,2.094526986761122,40
2017-05-28 14:00:00,0.0,2.5544654257246844,40
2017-05-28 15:00:00,0.0,2.777799275700028,40
2017-05-28 16:00:00,0.0,2.757113298516028,40
2017-05-28 17:00:00,0.0,2.3437118470379628,40
2017-05-28 18:00:00,0.0,2.2885737660531333,40
2017-05-28 19:00:00,0.0,1.5837258237545733,40
2017-05-28 20:00:00,0.0,1.2267598400062252,40
2017-05-28 21:00:00,0.0,0.4165653735647457,40
2017-05-28 22:00:00,0.0,0.14931575065439784,40
2017-05-28 23:00:00,0.0,0.13729821520095714,40
2017-05-29 00:00:00,0.0,0.10639207162355929,40
2017-05-29 01:00:00,0.0,0.09556340900264662,40
2017-05-29 02:00:00,0.0,0.09417850738993616,40
2017-05-29 03:00:00,0.0,0.10883547744813424,40
2017-05-29 04:00:00,0.0,0.09405447042515115,40
2017-05-29 05:00:00,0.0,0.1005015448048176,40
2017-05-29 06:00:00,0.0,0.1188593270969034,40
2017-05-29 07:00:00,0.0,0.2407988827769462,40
2017-05-29 08:00:00,0.0,0.6796544780351347,40
2017-05-29 09:00:00,0.0,1.1226440367834905,40
2017-05-29 10:00:00,0.0,1.8583826769826108,40
2017-05-29 11:00:00,0.0,2.315261636983264,40
2017-05-29 12:00:00,0.0,2.145140192250809,40
2017-05-29 13:00:00,0.0,2.6854447332429445,40
2017-05-29 14:00:00,0.0,2.746512971303089,40
2017-05-29 15:00:00,0.0,2.7412577715234674,40
2017-05-29 16:00:00,0.0,2.8316417976334587,40
2017-05-29 17:00:00,0.0,2.498629674930816,40
2017-05-29 18:00:00,0.0,2.409321122097096,40
2017-05-29 19:00:00,0.0,1.8431491057811846,40
2017-05-29 20:00:00,0.0,1.0581617200604132,40
2017-05-29 21:00:00,0.0,0.5333768524483866,40
2017-05-29 22:00:00,0.0,0.19095897027449169,40
2017-05-29 23:00:00,0.0,0.12717054922269383,40
2017-05-30 00:00:00,0.0,0.0944781753033957,40
2017-05-30 01:00:00,0.0,0.09012292645068218,40
2017-05-30 02:00:00,0.0,0.09632604065772553,40
2017-05-30 03:00:00,0.0,0.07972162105802028,40
2017-05-30 04:00:00,0.0,0.10083548348739053,40
2017-05-30 05:00:00,0.0,0.09811700500994293,40
2017-05-30 06:00:00,0.0,0.1248932686084644,40
2017-05-30 07:00:00,0.0,0.26647234616176246,40
2017-05-30 08:00:00,0.0,0.6725451103588498,40
2017-05-30 09:00:00,0.0,1.2099337386809144,40
2017-05-30 10:00:00,0.0,1.8302576751295083,40
2017-05-30 11:00:00,0.0,2.122990631596381,40
2017-05-30 12:00:00,0.0,2.7897654195364567,40
2017-05-30 13:00:00,0.0,2.4313561668201475,40
2017-05-30 14:00:00,0.0,2.6441634545586763,40
2017-05-30 15:00:00,0.0,2.524852420266447,40
2017-05-30 16:00:00,0.0,2.5466110338337926,40
2017-05-30 17:00:00,0.0,2.7539927602906786,40
2017-05-30 18:00:00,0.0,2.1513089156182574,40
2017-05-30 19:00:00,0.0,1.6689154498471372,40
2017-05-30 20:00:00,0.0,1.0330727047386115,40
2017-05-30 21:00:00,0.0,0.4360698537209444,40
2017-05-30 22:00:00,0.0,0.18811021727433505,40
2017-05-30 23:00:00,0.0,0.1335012811903164,40
2017-05-31 00:00:00,0.0,0.09281336048462732,40
2017-05-31 01:00:00,0.0,0.10281212078873515,40
2017-05-31 02:00:00,0.0,0.0986907483648527,40
2017-05-31 03:00:00,0.0,0.11147054515673434,40
2017-05-31 04:00:00,0.0,0.08775778208964677,40
2017-05-31 05:00:00,0.0,0.09232669802335194,40
2017-05-31 06:00:00,0.0,0.11703391194958641,40
2017-05-31 07:00:00,0.0,0.2537880562181347,40
2017-05-31 08:00:00,0.0,0.5967068302334815,40
2017-05-31 09:00:00,0.0,1.2945744847252747,40
2017-05-31 10:00:00,0.0,1.7284635219451008,40
2017-05-31 11:00:00,0.0,2.19131841421987,40
2017-05-31 12:00:00,0.0,2.4715391934373137,40
2017-05-31 13:00:00,0.0,2.534608510143592,40
2017-05-31 14:00:00,0.0,2.868231341740009,40
2017-05-31 15:00:00,0.0,3.0867588287411603,40
2017-05-31 16:00:00,0.0,2.6742704291020685,40
2017-05-31 17:00:00,0.0,2.2349173396250928,40
2017-05-31 18:00:00,0.0,2.243585279857606,40
2017-05-31 19:00:00,0.0,1.7926178197823237,40
2017-05-31 20:00:00,0.0,0.955162943421107,40
2017-05-31 21:00:00,0.0,0.36001520504166873,40
2017-05-31 22:00:00,0.0,0.20055636904650248,40
2017-05-31 23:00:00,0.0,0.12783530053718814,40
2017-06-01 00:00:00,0.0,0.09453670862466956,40
2017-06-01 01:00:00,0.0,0.12173692221866815,40
2017-06-01 02:00:00,0.0,0.11759090535648686,40
2017-06-01 03:00:00,0.0,0.11704596968548599,40
2017-06-01 04:00:00,0.0,0.1211132278017237,40
2017-06-01 05:00:00,0.0,0.09948744587568,40
2017-06-01 06:00:00,0.0,0.1224047983158726,40
2017-06-01 07:00:00,0.0,0.2058640805718341,40
2017-06-01 08:00:00,0.0,0.795842338853735,40
2017-06-01 09:00:00,0.0,1.1882458815397654,40
2017-06-01 10:00:00,0.0,1.663769291413946,40
2017-06-01 11:00:00,0.0,2.2674501103650773,40
2017-06-01 12:00:00,0.0,2.2547727775696136,40
2017-06-01 13:00:00,0.0,2.054281616272584,40
2017-06-01 14:00:00,0.0,2.294106872729426,40
2017-06-01 15:00:00,0.0,2.8833640354134022,40
2017-06-01 16:00:00,0.0,2.8165474077196544,40
2017-06-01 17:00:00,0.0,2.3737204848663955,40
2017-06-01 18:00:00,0.0,2.0171525631760625,40
2017-06-01 19:00:00,0.0,1.7038067346737753,40
2017-06-01 20:00:00,0.0,1.0173921018748315,40
2017-06-01 21:00:00,0.0,0.6646828147150242,40
2017-06-01 22:00:00,0.0,0.2603930427550004,40
2017-06-01 23:00:00,0.0,0.15392733553546015,40
